"","cutree(hc, k = 11)"
"Photo",1
"gs",1
"Fv.Fm.",1
"Starch",2
"NSC",3
"SM",4
"Bra000003",5
"Bra000024",5
"Bra000028",6
"Bra000031",7
"Bra000036",6
"Bra000065",7
"Bra000073",8
"Bra000079,Bra000080",8
"Bra000089,Bra000090",8
"Bra000111",8
"Bra000130",9
"Bra000144",7
"Bra000157",5
"Bra000159",10
"Bra000207",3
"Bra000240",7
"Bra000242",10
"Bra000263",5
"Bra000285",6
"Bra000293",7
"Bra000294",7
"Bra000302,Bra000303",6
"Bra000310",3
"Bra000321",7
"Bra000338",10
"Bra000382",7
"Bra000384",8
"Bra000391",6
"Bra000394",8
"Bra000408",8
"Bra000412",8
"Bra000440",10
"Bra000460",7
"Bra000461",8
"Bra000472",6
"Bra000483",4
"Bra000534",7
"Bra000536",5
"Bra000538",7
"Bra000567",7
"Bra000587",11
"Bra000600",3
"Bra000614",8
"Bra000616,Bra000617",10
"Bra000623",10
"Bra000654",5
"Bra000657",6
"Bra000659",10
"Bra000662",6
"Bra000663",5
"Bra000699",8
"Bra000711",10
"Bra000739",7
"Bra000741",7
"Bra000757",8
"Bra000760",5
"Bra000769",8
"Bra000777",8
"Bra000785",8
"Bra000787",8
"Bra000806",5
"Bra000821",10
"Bra000848",5
"Bra000849",5
"Bra000853",10
"Bra000863",7
"Bra000867",6
"Bra000875,Bra000876",7
"Bra000878",7
"Bra000884",8
"Bra000885",11
"Bra000901",7
"Bra000942",7
"Bra000952,Bra000953",4
"Bra000955",8
"Bra000961",7
"Bra000989",10
"Bra001003",8
"Bra001009",11
"Bra001020",10
"Bra001034",7
"Bra001037",11
"Bra001052",5
"Bra001090",5
"Bra001094",5
"Bra001104",10
"Bra001114",5
"Bra001116",10
"Bra001121",8
"Bra001127",10
"Bra001151",6
"Bra001154",10
"Bra001156",10
"Bra001177",6
"Bra001186",7
"Bra001200,Bra001201",6
"Bra001207",3
"Bra001213",5
"Bra001289",8
"Bra001291",6
"Bra001297",5
"Bra001306",10
"Bra001317",7
"Bra001346",8
"Bra001348,Bra001349",8
"Bra001358,Bra001359,tRNA-Tyr",7
"Bra001368",5
"Bra001372",8
"Bra001373",6
"Bra001401",5
"Bra001406",10
"Bra001415",4
"Bra001447",7
"Bra001450",10
"Bra001451",7
"Bra001461",7
"Bra001489",6
"Bra001501",7
"Bra001535",6
"Bra001539",7
"Bra001550",6
"Bra001579",1
"Bra001587",4
"Bra001591,Bra001592",6
"Bra001618",4
"Bra001626",7
"Bra001662",9
"Bra001676,Bra001678",7
"Bra001715",10
"Bra001738",1
"Bra001761",5
"Bra001783",7
"Bra001788",5
"Bra001816",7
"Bra001848",6
"Bra001911",10
"Bra001925",1
"Bra001934",10
"Bra001942",7
"Bra001950",8
"Bra001958,Bra001959",3
"Bra001970",5
"Bra002023",3
"Bra002038",5
"Bra002045",10
"Bra002080",6
"Bra002081",11
"Bra002086",8
"Bra002099,Bra002100",7
"Bra002101",10
"Bra002106",10
"Bra002113",6
"Bra002137",7
"Bra002156",5
"Bra002191",4
"Bra002216,Bra002217",11
"Bra002220",7
"Bra002221",7
"Bra002227",5
"Bra002237",6
"Bra002255",3
"Bra002258",10
"Bra002261",5
"Bra002273",4
"Bra002290,Bra002291",10
"Bra002296",7
"Bra002318",7
"Bra002322",5
"Bra002326",6
"Bra002354",9
"Bra002373",6
"Bra002382",8
"Bra002385,Bra002386",8
"Bra002388",7
"Bra002412",7
"Bra002422",10
"Bra002424,Bra002425",10
"Bra002456",8
"Bra002468",7
"Bra002483",10
"Bra002485",5
"Bra002523",6
"Bra002561",10
"Bra002567,Bra002568",7
"Bra002584",8
"Bra002596",7
"Bra002617",7
"Bra002619",8
"Bra002630",9
"Bra002645,tRNA-Ser",3
"Bra002655,Bra002656",6
"Bra002665",5
"Bra002677",7
"Bra002684",7
"Bra002697",6
"Bra002703",6
"Bra002710",7
"Bra002715,Bra002716",7
"Bra002799,tRNA-Ser",5
"Bra002804",6
"Bra002839,Bra002840",9
"Bra002861",5
"Bra002886",7
"Bra002900",6
"Bra002914",3
"Bra002917,Bra002918",10
"Bra002944",7
"Bra002973,Bra002974",6
"Bra002975",11
"Bra003001,Bra003002",5
"Bra003007,Bra003009",5
"Bra003015",8
"Bra003024",6
"Bra003034",8
"Bra003053",4
"Bra003055",5
"Bra003059",6
"Bra003062",6
"Bra003063",6
"Bra003086",8
"Bra003114,Bra003115",7
"Bra003147",4
"Bra003152",11
"Bra003155",5
"Bra003159",6
"Bra003163",8
"Bra003184,Bra003186",5
"Bra003190",5
"Bra003209",3
"Bra003239",8
"Bra003241,Bra003242",10
"Bra003253",6
"Bra003273",3
"Bra003276,Bra003277",8
"Bra003336",10
"Bra003355",11
"Bra003396",8
"Bra003427,Bra003428",10
"Bra003434",8
"Bra003457",1
"Bra003471",10
"Bra003486,Bra003487",4
"Bra003504",6
"Bra003512",10
"Bra003527",11
"Bra003541,Bra003542,Bra003543,Bra003544",5
"Bra003604",6
"Bra003617",6
"Bra003618",7
"Bra003624",8
"Bra003653",5
"Bra003670",7
"Bra003705",10
"Bra003716",7
"Bra003750",8
"Bra003757,U4",7
"Bra003758",6
"Bra003765",7
"Bra003776",6
"Bra003840,Bra003841",8
"Bra003841",4
"Bra003864",1
"Bra003942",1
"Bra003949",5
"Bra004024",7
"Bra004066",9
"Bra004077,Bra004078",7
"Bra004087,snoR74",5
"Bra004094",7
"Bra004101",6
"Bra004109",3
"Bra004113",8
"Bra004118",8
"Bra004138",5
"Bra004177,Bra004178",6
"Bra004188",7
"Bra004214,Bra004215",6
"Bra004222",6
"Bra004225",10
"Bra004244",4
"Bra004247,Bra004248",8
"Bra004267",9
"Bra004324",6
"Bra004355",8
"Bra004388,Bra004389,Bra004390,Bra004391",8
"Bra004400",10
"Bra004435",8
"Bra004436",7
"Bra004460",4
"Bra004497",8
"Bra004504",8
"Bra004518",5
"Bra004528",5
"Bra004537",3
"Bra004540",7
"Bra004545",8
"Bra004546",7
"Bra004562",8
"Bra004581",7
"Bra004604",11
"Bra004639",4
"Bra004649",5
"Bra004654",10
"Bra004675",10
"Bra004683",6
"Bra004722",5
"Bra004744",5
"Bra004749",1
"Bra004763",7
"Bra004771",3
"Bra004782",5
"Bra004783",6
"Bra004792",5
"Bra004795,Bra004796",7
"Bra004806",10
"Bra004834,Bra004835,Bra004836",11
"Bra004850",10
"Bra004853",6
"Bra004871",5
"Bra004875",7
"Bra004895,Bra004897,Bra004898",6
"Bra004937,Bra004938",10
"Bra004940",8
"Bra004943",5
"Bra004960",8
"Bra004995",5
"Bra004997",8
"Bra005002",5
"Bra005003",6
"Bra005012",5
"Bra005019",8
"Bra005026",10
"Bra005064",4
"Bra005097",10
"Bra005099",5
"Bra005134",4
"Bra005141",4
"Bra005168",9
"Bra005175",5
"Bra005177",5
"Bra005180",10
"Bra005193",8
"Bra005211,Bra005212",10
"Bra005216",8
"Bra005227,Bra005229",8
"Bra005235",6
"Bra005258",6
"Bra005261",5
"Bra005296",5
"Bra005306",7
"Bra005310",8
"Bra005329",7
"Bra005335",7
"Bra005337",10
"Bra005341,Bra005342",10
"Bra005347",10
"Bra005371",5
"Bra005397",7
"Bra005404",10
"Bra005441",5
"Bra005476",5
"Bra005505",7
"Bra005514",5
"Bra005521",3
"Bra005531",6
"Bra005546",3
"Bra005570",10
"Bra005598",3
"Bra005601",10
"Bra005603",5
"Bra005607",10
"Bra005635",10
"Bra005641",5
"Bra005661,Bra005662",8
"Bra005663",6
"Bra005668",10
"Bra005673",7
"Bra005677",5
"Bra005682,Bra005683",5
"Bra005686",8
"Bra005696",6
"Bra005709",7
"Bra005715",8
"Bra005718,Bra005767",7
"Bra005727",3
"Bra005745",10
"Bra005749",5
"Bra005759",10
"Bra005770",7
"Bra005784",5
"Bra005798",5
"Bra005804",8
"Bra005809",6
"Bra005817",10
"Bra005820",10
"Bra005822",8
"Bra005881",5
"Bra005889",7
"Bra005923",10
"Bra005929",7
"Bra005974",11
"Bra005980",5
"Bra005982",8
"Bra006016",8
"Bra006029",6
"Bra006031",7
"Bra006048",9
"Bra006051",8
"Bra006052",4
"Bra006053",5
"Bra006061",7
"Bra006101",8
"Bra006182",4
"Bra006198,Bra006199",5
"Bra006200",10
"Bra006211",7
"Bra006215",5
"Bra006224",3
"Bra006227",6
"Bra006233",5
"Bra006234",5
"Bra006248",6
"Bra006262",6
"Bra006272,Bra006329",6
"Bra006289",5
"Bra006290",6
"Bra006291",11
"Bra006297",7
"Bra006332,Bra006333",7
"Bra006337",7
"Bra006338",10
"Bra006340",10
"Bra006351,Bra006352",5
"Bra006360",8
"Bra006380",10
"Bra006413",4
"Bra006454",10
"Bra006456",5
"Bra006482",10
"Bra006515",10
"Bra006517",7
"Bra006523",3
"Bra006530",5
"Bra006536",4
"Bra006538",10
"Bra006553",10
"Bra006567",10
"Bra006579",7
"Bra006597",6
"Bra006603",8
"Bra006622",6
"Bra006623",7
"Bra006626",10
"Bra006629",5
"Bra006633",3
"Bra006639",6
"Bra006685",6
"Bra006694",7
"Bra006700",3
"Bra006710,Bra006711,Bra006712,Bra006713,Bra006714",7
"Bra006748",10
"Bra006750",7
"Bra006768",5
"Bra006770",7
"Bra006778",5
"Bra006787",5
"Bra006794",7
"Bra006795,Bra006796,Bra006797,U2",4
"Bra006857",10
"Bra006877,Bra006878",5
"Bra006879",6
"Bra006936",10
"Bra007020",11
"Bra007047",6
"Bra007070",10
"Bra007105",8
"Bra007116",7
"Bra007131",4
"Bra007143,Bra007146",3
"Bra007151,Bra007152",10
"Bra007174",5
"Bra007181",10
"Bra007195",7
"Bra007220,Bra007221",10
"Bra007241",7
"Bra007250",6
"Bra007283",10
"Bra007299",7
"Bra007329,Bra007330,Bra007331",3
"Bra007337",8
"Bra007343",10
"Bra007345",5
"Bra007383",6
"Bra007399,Bra007401,Bra007402",5
"Bra007462",10
"Bra007499,Bra007500",6
"Bra007548",7
"Bra007587",7
"Bra007608,Bra007609",7
"Bra007657",6
"Bra007669",10
"Bra007682",7
"Bra007695",8
"Bra007698,Bra007699,tRNA-Gly",8
"Bra007713,Bra007714",5
"Bra007738",7
"Bra007745,Bra007746,Bra007747,Bra007748",10
"Bra007768,Bra007769",3
"Bra007774,Bra007775",7
"Bra007776,Bra007777",9
"Bra007783",8
"Bra007840",9
"Bra007856,tRNA-Arg",8
"Bra007912",6
"Bra007919",8
"Bra007924",3
"Bra007930",10
"Bra007945,Bra007947,Bra007949,Bra007950,Bra007951",5
"Bra007950",7
"Bra007993,Bra007994",7
"Bra008003",6
"Bra008030",5
"Bra008047",7
"Bra008070",4
"Bra008128,Bra008130",5
"Bra008144,Bra008145",10
"Bra008216,Bra008217",7
"Bra008392,Bra008393",6
"Bra008406",7
"Bra008425",7
"Bra008426",8
"Bra008462,Bra008463,Bra008464",6
"Bra008476,Bra008477",6
"Bra008506",5
"Bra008507",8
"Bra008517",7
"Bra008540",8
"Bra008558",7
"Bra008592",8
"Bra008602",6
"Bra008627",7
"Bra008643",10
"Bra008653,Bra008655",8
"Bra008658",5
"Bra008663",7
"Bra008683",10
"Bra008699",3
"Bra008735",10
"Bra008746",8
"Bra008747",6
"Bra008766",4
"Bra008772,Bra008773",6
"Bra008785",5
"Bra008792",8
"Bra008801",7
"Bra008824,Bra008825,Bra008826",10
"Bra008842",7
"Bra008876",5
"Bra008903,Bra008904",9
"Bra008957",10
"Bra008958,tRNA-Phe",10
"Bra008961",6
"Bra008975",4
"Bra008984",5
"Bra009001",5
"Bra009004",5
"Bra009006,Bra009007",7
"Bra009039",10
"Bra009046",7
"Bra009055",8
"Bra009080",10
"Bra009087",11
"Bra009090",8
"Bra009101",3
"Bra009107,Bra009108",7
"Bra009109",5
"Bra009181",6
"Bra009184",11
"Bra009243,Bra009244",7
"Bra009292",10
"Bra009295",7
"Bra009299",6
"Bra009330,Bra009331",9
"Bra009334",5
"Bra009351",7
"Bra009352",10
"Bra009355,Bra009356",6
"Bra009364",7
"Bra009368",5
"Bra009396,Bra009397,Bra009398",5
"Bra009410",3
"Bra009427",8
"Bra009431",10
"Bra009433",6
"Bra009434",3
"Bra009440,Bra009441",5
"Bra009449",7
"Bra009459,Bra009460,Bra009461",6
"Bra009571,Bra009572",10
"Bra009577",10
"Bra009584",5
"Bra009600",8
"Bra009601",8
"Bra009603,Bra009604",8
"Bra009605",8
"Bra009609,Bra009610",11
"Bra009617",5
"Bra009644",6
"Bra009649",9
"Bra009670",10
"Bra009692,Bra009693",5
"Bra009706,Bra009707",10
"Bra009712,Bra009713",5
"Bra009724",6
"Bra009750",6
"Bra009758",6
"Bra009762,Bra009763",3
"Bra009768",8
"Bra009771",7
"Bra009789,Bra009790",10
"Bra009821",7
"Bra009826",3
"Bra009854",8
"Bra009940",10
"Bra009941",6
"Bra009948,Bra009949",6
"Bra009965,Bra009966,Bra009967",6
"Bra009968",8
"Bra009998",10
"Bra010013",8
"Bra010018",6
"Bra010028,Bra010029",7
"Bra010085",6
"Bra010106",7
"Bra010116",6
"Bra010124",6
"Bra010126",10
"Bra010171",8
"Bra010189",7
"Bra010228",5
"Bra010283",9
"Bra010330",10
"Bra010339",6
"Bra010413",10
"Bra010453",7
"Bra010454",8
"Bra010455",10
"Bra010459",11
"Bra010464,tRNA-Lys",7
"Bra010476",7
"Bra010483",6
"Bra010510",7
"Bra010567",6
"Bra010580",7
"Bra010616",10
"Bra010620,Bra010621",5
"Bra010667",5
"Bra010681",6
"Bra010717,Bra010718",8
"Bra010727",5
"Bra010749",6
"Bra010796",8
"Bra010808",8
"Bra010816,Bra010817",6
"Bra010853",6
"Bra010943",10
"Bra010954",7
"Bra010956,Bra010957",8
"Bra010977",4
"Bra010983",11
"Bra011016",7
"Bra011047",4
"Bra011076",6
"Bra011081",6
"Bra011097",8
"Bra011106",10
"Bra011108",10
"Bra011116",10
"Bra011134",7
"Bra011148,Bra011150",6
"Bra011190",7
"Bra011232",6
"Bra011250",8
"Bra011268",8
"Bra011275",5
"Bra011292",8
"Bra011299",7
"Bra011314",6
"Bra011315",5
"Bra011328",7
"Bra011404",7
"Bra011412",5
"Bra011449",10
"Bra011460",6
"Bra011469",10
"Bra011477",10
"Bra011485",1
"Bra011488",7
"Bra011500",9
"Bra011515",5
"Bra011530",5
"Bra011536",7
"Bra011537",6
"Bra011538",9
"Bra011541",6
"Bra011546",10
"Bra011551",5
"Bra011556,Bra011557,Bra011558",8
"Bra011565",6
"Bra011568",5
"Bra011584",7
"Bra011590",7
"Bra011596",7
"Bra011606",8
"Bra011609",7
"Bra011644",5
"Bra011664",10
"Bra011677",5
"Bra011679",6
"Bra011703",7
"Bra011706",6
"Bra011728",5
"Bra011733",6
"Bra011736",7
"Bra011770",10
"Bra011786",3
"Bra011794,Bra011795",10
"Bra011819",5
"Bra011822",3
"Bra011824",5
"Bra011825",10
"Bra011830",8
"Bra011839",6
"Bra011847,Bra011848,tRNA-Trp",6
"Bra011871",5
"Bra011872",5
"Bra011919",6
"Bra011921",3
"Bra011923",11
"Bra011967",7
"Bra011985",6
"Bra012005",6
"Bra012008",7
"Bra012012",5
"Bra012038",7
"Bra012040",4
"Bra012045",8
"Bra012052",8
"Bra012054",4
"Bra012074",10
"Bra012076,Bra012077,Bra012079",6
"Bra012099,Bra012100",3
"Bra012127",1
"Bra012144",7
"Bra012152",6
"Bra012153",4
"Bra012154",3
"Bra012158",6
"Bra012176",10
"Bra012203",5
"Bra012222,Bra012225",10
"Bra012230",11
"Bra012244",5
"Bra012294,Bra012295",6
"Bra012303",7
"Bra012327",5
"Bra012339",4
"Bra012364",9
"Bra012371",7
"Bra012417",9
"Bra012446,Bra012447",5
"Bra012462",4
"Bra012475",8
"Bra012519,Bra038811",8
"Bra012580,tRNA-Glu",5
"Bra012595,Bra012596",5
"Bra012616",10
"Bra012644",6
"Bra012651",8
"Bra012667,Bra012694",10
"Bra012676",6
"Bra012696",3
"Bra012710",9
"Bra012721,Bra012722",6
"Bra012724",6
"Bra012735",6
"Bra012747",7
"Bra012753",7
"Bra012779",7
"Bra012781",8
"Bra012784",8
"Bra012805",8
"Bra012807",10
"Bra012809",10
"Bra012812",5
"Bra012836,SNORD46",5
"Bra012840",6
"Bra012871",7
"Bra012899",7
"Bra012916",5
"Bra013007,Bra013009,Bra013011",5
"Bra013012",6
"Bra013013",7
"Bra013017,Bra013018",7
"Bra013046",1
"Bra013049",8
"Bra013053",6
"Bra013069",8
"Bra013087",8
"Bra013102,Bra013103",7
"Bra013120,Bra013121",3
"Bra013132",5
"Bra013152",7
"Bra013155",5
"Bra013156",6
"Bra013161",3
"Bra013164",7
"Bra013171",8
"Bra013172,Bra013173",8
"Bra013192,Bra013193",7
"Bra013215",5
"Bra013218",6
"Bra013223,Bra013224",10
"Bra013225",10
"Bra013239",5
"Bra013284",10
"Bra013300,Bra013301",6
"Bra013303",7
"Bra013341,tRNA-Glu",6
"Bra013342",10
"Bra013352,tRNA-Gly",8
"Bra013371",7
"Bra013378",8
"Bra013430",7
"Bra013436",7
"Bra013445",3
"Bra013450",11
"Bra013462",5
"Bra013476",3
"Bra013507",3
"Bra013517",6
"Bra013536",7
"Bra013540",3
"Bra013558",6
"Bra013563",11
"Bra013576",10
"Bra013582",6
"Bra013601",5
"Bra013602",8
"Bra013643",8
"Bra013653",8
"Bra013657,Bra013658,Bra013659,Bra013660,Bra013664,Bra013678,Bra013681",7
"Bra013674",3
"Bra013675",10
"Bra013690",7
"Bra013693",7
"Bra013719",8
"Bra013743,tRNA-Ala",7
"Bra013747",6
"Bra013761",6
"Bra013774",3
"Bra013777",5
"Bra013786,Bra013788",10
"Bra013804",10
"Bra013805",8
"Bra013826",7
"Bra013832",6
"Bra013853",9
"Bra013859",7
"Bra013863",7
"Bra013869",4
"Bra013870",1
"Bra013881,Bra013882,Bra013883",5
"Bra013904",7
"Bra013906",3
"Bra013907",8
"Bra013909,Bra013911",1
"Bra013912",7
"Bra013915",10
"Bra013924",7
"Bra013931",7
"Bra013949",8
"Bra013950",6
"Bra013957",8
"Bra013977",7
"Bra014037",3
"Bra014042",5
"Bra014044",8
"Bra014046",10
"Bra014081",10
"Bra014131",4
"Bra014184",10
"Bra014195",7
"Bra014209",7
"Bra014229",6
"Bra014233",8
"Bra014238",7
"Bra014252",7
"Bra014283",1
"Bra014291",9
"Bra014298",5
"Bra014326",6
"Bra014340",4
"Bra014351",6
"Bra014361",6
"Bra014387",10
"Bra014389",10
"Bra014403",7
"Bra014405",7
"Bra014414",10
"Bra014417",8
"Bra014436",5
"Bra014493",6
"Bra014497",6
"Bra014503",10
"Bra014504",8
"Bra014529",6
"Bra014550",6
"Bra014558",5
"Bra014562",6
"Bra014569",7
"Bra014600",1
"Bra014622",3
"Bra014633",5
"Bra014635,Bra014636",3
"Bra014648",5
"Bra014663",6
"Bra014671",7
"Bra014674,Bra014675",7
"Bra014689",9
"Bra014692",7
"Bra014696",7
"Bra014722",7
"Bra014730",11
"Bra014755",6
"Bra014766",4
"Bra014808",6
"Bra014819",5
"Bra014842",3
"Bra014853",8
"Bra014865",8
"Bra014870",4
"Bra014903",3
"Bra014908",8
"Bra014911",5
"Bra014938",10
"Bra014950,Bra014951,Bra014958",7
"Bra015023",10
"Bra015025",8
"Bra015047",3
"Bra015052",7
"Bra015061",6
"Bra015065",7
"Bra015088",10
"Bra015131",5
"Bra015153",5
"Bra015170",6
"Bra015225",7
"Bra015237",7
"Bra015274",7
"Bra015298",8
"Bra015301",7
"Bra015305",7
"Bra015306,Bra015307",8
"Bra015315",4
"Bra015316",5
"Bra015317",6
"Bra015319",5
"Bra015397",4
"Bra015456",11
"Bra015499",8
"Bra015520",8
"Bra015538",10
"Bra015544",7
"Bra015564",7
"Bra015572",7
"Bra015574",6
"Bra015594",8
"Bra015613",8
"Bra015638",10
"Bra015654",7
"Bra015665",1
"Bra015668",6
"Bra015695,Bra015696,Bra015697,Bra015698,tRNA-Gln",8
"Bra015752",6
"Bra015781",7
"Bra015784",8
"Bra015798,Bra015799",5
"Bra015843",8
"Bra015845",8
"Bra015878",4
"Bra015885,Bra015886",6
"Bra015911,Bra015912",8
"Bra015938",5
"Bra015976,Bra015977",7
"Bra016007,Bra016008,Bra016009,Bra016010",5
"Bra016016,Bra016017",4
"Bra016034,tRNA-Ser",8
"Bra016062",5
"Bra016074",3
"Bra016123",6
"Bra016127",10
"Bra016153",10
"Bra016163",8
"Bra016195",7
"Bra016198,Bra016199",8
"Bra016226",3
"Bra016252,Bra016253",9
"Bra016259",3
"Bra016264",7
"Bra016284",7
"Bra016356",9
"Bra016402",7
"Bra016419",5
"Bra016459",5
"Bra016471",9
"Bra016478",7
"Bra016481,Bra016482",10
"Bra016502",10
"Bra016541,Bra016542",10
"Bra016548,Bra016549",7
"Bra016557",9
"Bra016572,Bra016573",7
"Bra016641",7
"Bra016672,Bra016674",5
"Bra016674",6
"Bra016679,Bra016680,Bra016681,Bra016682",6
"Bra016683",7
"Bra016694",8
"Bra016703",10
"Bra016720",1
"Bra016736",6
"Bra016752",5
"Bra016758",6
"Bra016776",7
"Bra016809,Bra016810",6
"Bra016811",10
"Bra016835,Bra016836",10
"Bra016868,Bra016869",11
"Bra016903",8
"Bra016930",8
"Bra016955",8
"Bra016964",8
"Bra016974",11
"Bra016986",6
"Bra016993",8
"Bra017008",8
"Bra017019",9
"Bra017077",11
"Bra017081",8
"Bra017133",7
"Bra017134",8
"Bra017143,Bra017144",5
"Bra017162",7
"Bra017182",7
"Bra017199",8
"Bra017203",5
"Bra017267,Bra017268",7
"Bra017279",10
"Bra017317,Bra017318",6
"Bra017342",6
"Bra017427,Bra017428",6
"Bra017436",8
"Bra017454",6
"Bra017499",4
"Bra017546",10
"Bra017566",7
"Bra017602",8
"Bra017604",3
"Bra017625",10
"Bra017633",3
"Bra017644",10
"Bra017666",7
"Bra017672",8
"Bra017674,Bra017675",5
"Bra017684",8
"Bra017693",6
"Bra017723",5
"Bra017749",10
"Bra017752",8
"Bra017769,Bra017770,Bra017771",6
"Bra017781",7
"Bra017823",8
"Bra017826",3
"Bra017853",8
"Bra017855",7
"Bra017872",5
"Bra017907",6
"Bra017916",7
"Bra017920,Bra017921",8
"Bra017949,Bra017951",7
"Bra017964",6
"Bra017969",7
"Bra017976",10
"Bra017986",5
"Bra017987",5
"Bra018006",5
"Bra018009,Bra018010",5
"Bra018028",3
"Bra018030",10
"Bra018039",9
"Bra018085",7
"Bra018090,Bra018091",6
"Bra018100",10
"Bra018112",11
"Bra018122",7
"Bra018137",5
"Bra018141",8
"Bra018155,Bra018156",7
"Bra018184",10
"Bra018210",8
"Bra018218,Bra018219",5
"Bra018223",7
"Bra018232",8
"Bra018252",6
"Bra018264",5
"Bra018277",7
"Bra018293,Bra018294",4
"Bra018324",5
"Bra018329",6
"Bra018338",5
"Bra018340",1
"Bra018381",10
"Bra018407",8
"Bra018435",10
"Bra018436",7
"Bra018454",10
"Bra018469",1
"Bra018487",5
"Bra018492,Bra018493,Bra018496",8
"Bra018518",7
"Bra018520",7
"Bra018531",6
"Bra018543",3
"Bra018544",6
"Bra018549",10
"Bra018573",7
"Bra018595",10
"Bra018596",8
"Bra018610",6
"Bra018616",10
"Bra018628",7
"Bra018677",5
"Bra018681",10
"Bra018689",10
"Bra018695",8
"Bra018723",8
"Bra018736",10
"Bra018759",3
"Bra018762",5
"Bra018815",5
"Bra018819",10
"Bra018824,Bra018826",8
"Bra018828",9
"Bra018836",6
"Bra018849",7
"Bra018864",7
"Bra018872",8
"Bra018876",4
"Bra018897",6
"Bra018900",7
"Bra018955",8
"Bra018995",7
"Bra019003",5
"Bra019026",7
"Bra019068,Bra019069,Bra019070",10
"Bra019071",10
"Bra019072,Bra019075",8
"Bra019082",8
"Bra019101",5
"Bra019115",5
"Bra019121",1
"Bra019122",9
"Bra019143,Bra019144",5
"Bra019147",6
"Bra019154",8
"Bra019178",7
"Bra019193",7
"Bra019196",6
"Bra019205,Bra019206",5
"Bra019210",6
"Bra019212,Bra019213",9
"Bra019214",5
"Bra019231",10
"Bra019239",11
"Bra019264",11
"Bra019285,tRNA-Leu",8
"Bra019307",7
"Bra019384",10
"Bra019430",5
"Bra019433",6
"Bra019453",5
"Bra019466,Bra019467",7
"Bra019492,Bra019493",5
"Bra019533",6
"Bra019539",6
"Bra019558",8
"Bra019560",9
"Bra019572",7
"Bra019574",5
"Bra019613,Bra019614,Bra019615",1
"Bra019626",8
"Bra019634,Bra019635",5
"Bra019662",5
"Bra019665",7
"Bra019666",7
"Bra019667",6
"Bra019675",6
"Bra019686,Bra019688,Bra019689,Bra019690",9
"Bra019701",8
"Bra019718",1
"Bra019733",5
"Bra019760",7
"Bra019764",7
"Bra019784",9
"Bra019785,Bra019786",7
"Bra019792",6
"Bra019827",3
"Bra019829",7
"Bra019853",4
"Bra019870",7
"Bra019888",6
"Bra019893",7
"Bra019908",7
"Bra019928",9
"Bra019940",8
"Bra019975",7
"Bra019991",10
"Bra019994",5
"Bra020005",10
"Bra020014",5
"Bra020036",4
"Bra020040",6
"Bra020042",7
"Bra020051",6
"Bra020062",5
"Bra020067",8
"Bra020082",4
"Bra020086,Bra020087",6
"Bra020123",3
"Bra020124",6
"Bra020125",8
"Bra020136",5
"Bra020137,Bra020138",7
"Bra020169",8
"Bra020200",7
"Bra020215",10
"Bra020229",6
"Bra020234",5
"Bra020280",5
"Bra020296",8
"Bra020343",8
"Bra020357",7
"Bra020369",5
"Bra020400,Bra020401",6
"Bra020403",6
"Bra020430",6
"Bra020494,Bra020495",7
"Bra020507",7
"Bra020586,Bra020587",5
"Bra020599",8
"Bra020605,Bra020606",10
"Bra020639",8
"Bra020653",5
"Bra020666",6
"Bra020667,Bra020668",4
"Bra020681",10
"Bra020724",5
"Bra020748",6
"Bra020750",8
"Bra020763",7
"Bra020836",9
"Bra020884",7
"Bra020904",5
"Bra020913",8
"Bra020935",10
"Bra020949",9
"Bra020971",6
"Bra020980",10
"Bra021016,Bra021017",10
"Bra021037",5
"Bra021041",4
"Bra021044,Bra021076,Bra021077",5
"Bra021065",7
"Bra021067",9
"Bra021079",4
"Bra021121",6
"Bra021123",1
"Bra021132",8
"Bra021134",7
"Bra021170",3
"Bra021292",10
"Bra021293",5
"Bra021296",7
"Bra021314",9
"Bra021384",5
"Bra021419,Bra021420",6
"Bra021448,Bra021450",4
"Bra021457,Bra021458",8
"Bra021529,Bra021530",5
"Bra021579",9
"Bra021599",1
"Bra021634,tRNA-Gly",9
"Bra021650",11
"Bra021658,Bra021659,Bra021660",6
"Bra021796,Bra021797,Bra021798",8
"Bra021810,Bra021811,Bra021812",6
"Bra021826",10
"Bra021847",5
"Bra021852,Bra021853",10
"Bra021874",8
"Bra021898,Bra021899",5
"Bra021902,tRNA-Leu",7
"Bra021913",7
"Bra021937",10
"Bra021961",7
"Bra021967",8
"Bra021971",8
"Bra021983",5
"Bra021990",5
"Bra022114",10
"Bra022147",5
"Bra022148",6
"Bra022151,Bra022152",7
"Bra022168",9
"Bra022182",7
"Bra022189",7
"Bra022195",6
"Bra022219",7
"Bra022234",3
"Bra022241,Bra022242",7
"Bra022245",8
"Bra022247,Bra022248",6
"Bra022288",8
"Bra022298",10
"Bra022310",7
"Bra022325",5
"Bra022448",5
"Bra022458",10
"Bra022471",8
"Bra022503",10
"Bra022505",11
"Bra022553",7
"Bra022574",7
"Bra022585",5
"Bra022593",5
"Bra022597",6
"Bra022598",10
"Bra022600",7
"Bra022610",8
"Bra022697",8
"Bra022717",3
"Bra022734",4
"Bra022736",9
"Bra022760",5
"Bra022769",9
"Bra022802,Bra022803",8
"Bra022804",4
"Bra022813",7
"Bra022815",5
"Bra022816",1
"Bra022830",10
"Bra022836",7
"Bra022867",6
"Bra022868",10
"Bra022878",5
"Bra022880",8
"Bra022884",6
"Bra022908",6
"Bra022923",9
"Bra022938",7
"Bra023006",8
"Bra023018",7
"Bra023023",7
"Bra023033",8
"Bra023045",6
"Bra023052",10
"Bra023056,tRNA-Tyr",6
"Bra023061",6
"Bra023072",10
"Bra023084",8
"Bra023104",5
"Bra023110",3
"Bra023129,Bra023130",7
"Bra023164",4
"Bra023227",5
"Bra023242",8
"Bra023252",8
"Bra023312",10
"Bra023343",3
"Bra023365",7
"Bra023390",8
"Bra023392",4
"Bra023409",7
"Bra023418",4
"Bra023430",10
"Bra023431",7
"Bra023432",7
"Bra023434",7
"Bra023435",6
"Bra023441",8
"Bra023446",5
"Bra023474",11
"Bra023490",8
"Bra023492",6
"Bra023498",8
"Bra023503",5
"Bra023511",10
"Bra023545",8
"Bra023549",7
"Bra023563",6
"Bra023573",1
"Bra023575",8
"Bra023597,Bra023599",6
"Bra023598",8
"Bra023619",1
"Bra023634",10
"Bra023673",8
"Bra023675",11
"Bra023685",6
"Bra023688",7
"Bra023704",5
"Bra023706,Bra023707",8
"Bra023719,Bra023720",8
"Bra023766",7
"Bra023796,Bra023797",5
"Bra023900",6
"Bra023978",8
"Bra024000,Bra024002,Bra024003",4
"Bra024068",8
"Bra024075",6
"Bra024089",7
"Bra024095",8
"Bra024117",8
"Bra024136",7
"Bra024138,Bra024139",6
"Bra024181",7
"Bra024186,Bra024187",8
"Bra024214",6
"Bra024230,Bra024231",7
"Bra024282",7
"Bra024290,Bra024291,Bra024292,Bra024293,Bra024294",5
"Bra024300",7
"Bra024312",10
"Bra024320,Bra024321",5
"Bra024345,tRNA-Arg",7
"Bra024366,Bra024367",4
"Bra024474",7
"Bra024500",8
"Bra024516",5
"Bra024531",9
"Bra024547",7
"Bra024579,Bra024580",7
"Bra024615",7
"Bra024633",5
"Bra024635,Bra024636",7
"Bra024688",10
"Bra024701",10
"Bra024776,Bra024777",7
"Bra024794",10
"Bra024819,Bra024820,Bra024821",7
"Bra024845,Bra024846",11
"Bra024848",8
"Bra024864",3
"Bra024896",5
"Bra024899",7
"Bra024934,Bra024935",7
"Bra024936",7
"Bra024939",8
"Bra024957,Bra024958,Bra024959",6
"Bra024964",7
"Bra025025",6
"Bra025037",7
"Bra025081",7
"Bra025087,Bra025088",6
"Bra025141,Bra025142",6
"Bra025162",7
"Bra025173",6
"Bra025178,Bra025179,Bra025180,Bra025181",6
"Bra025210",8
"Bra025212,Bra025213",7
"Bra025223",7
"Bra025250",8
"Bra025254",6
"Bra025262",8
"Bra025271",8
"Bra025276",7
"Bra025304",4
"Bra025309",7
"Bra025353",6
"Bra025363",1
"Bra025376",7
"Bra025392",6
"Bra025450",8
"Bra025459",10
"Bra025461",6
"Bra025480",5
"Bra025505,Bra025506",6
"Bra025511,Bra025512,Bra025513",8
"Bra025534",6
"Bra025547",9
"Bra025612",6
"Bra025660",7
"Bra025662,Bra025663",1
"Bra025668",5
"Bra025671",7
"Bra025675",7
"Bra025676",8
"Bra025733",7
"Bra025785",6
"Bra025819",11
"Bra025827,Bra025828",6
"Bra025832,Bra025833",11
"Bra025838,Bra025839",5
"Bra025844,Bra025845",6
"Bra025847",7
"Bra025856",7
"Bra025858",5
"Bra025865",7
"Bra025894,Bra025895",5
"Bra025905,tRNA-Asp",6
"Bra025920,Bra025921,Bra025922",6
"Bra025936",3
"Bra025958",6
"Bra025984",5
"Bra025989",7
"Bra026004",3
"Bra026017,Bra026018",7
"Bra026019",6
"Bra026028",5
"Bra026036",7
"Bra026043",3
"Bra026058",5
"Bra026087",6
"Bra026126",5
"Bra026128",5
"Bra026135",6
"Bra026136",8
"Bra026185,Bra026186",6
"Bra026187",9
"Bra026191,Bra026192",7
"Bra026194",5
"Bra026222",7
"Bra026230",6
"Bra026231",7
"Bra026243",4
"Bra026246",8
"Bra026253",7
"Bra026290",10
"Bra026326",6
"Bra026334",6
"Bra026338",5
"Bra026360",8
"Bra026370",7
"Bra026380",10
"Bra026415",6
"Bra026431",8
"Bra026465",8
"Bra026466",8
"Bra026474",3
"Bra026477",10
"Bra026484",5
"Bra026613",7
"Bra026638",6
"Bra026642",5
"Bra026649",6
"Bra026734",6
"Bra026770",3
"Bra026790",10
"Bra026866,Bra026867",4
"Bra026905",9
"Bra026917",10
"Bra026937,Bra026938",5
"Bra026946,Bra026947,Bra026948",7
"Bra026954",7
"Bra026969",7
"Bra027017",6
"Bra027022",5
"Bra027032,Bra027033",6
"Bra027035",5
"Bra027049",6
"Bra027053,Bra027054",8
"Bra027080",3
"Bra027090",7
"Bra027093,Bra027094",9
"Bra027110,Bra027111",10
"Bra027127",6
"Bra027163",4
"Bra027183,Bra027184",6
"Bra027196",5
"Bra027203",8
"Bra027207",3
"Bra027225",6
"Bra027252",7
"Bra027274",4
"Bra027275,Bra027276,Bra027277",6
"Bra027278",10
"Bra027294",5
"Bra027302,Bra027306,Bra027307",11
"Bra027347,Bra027348,Bra027349",8
"Bra027350",5
"Bra027355,Bra027356",6
"Bra027375,Bra027376",8
"Bra027386",5
"Bra027403",7
"Bra027421,Bra027422",4
"Bra027431",6
"Bra027432",6
"Bra027452",5
"Bra027456",10
"Bra027468",9
"Bra027516",5
"Bra027527,Bra027528",6
"Bra027607",7
"Bra027662",7
"Bra027698",7
"Bra027723",6
"Bra027736",9
"Bra027754",5
"Bra027755",8
"Bra027783,Bra027784",8
"Bra027789,tRNA-Thr",5
"Bra027792,Bra027793",6
"Bra027833",11
"Bra027866",6
"Bra027877",7
"Bra027893",7
"Bra027911",10
"Bra027936",3
"Bra027938",4
"Bra027961,Bra027962",6
"Bra027972,Bra027973",11
"Bra027985,Bra027986",10
"Bra028000",6
"Bra028011",7
"Bra028033,Bra028034",7
"Bra028124",5
"Bra028132",1
"Bra028141",6
"Bra028181",6
"Bra028187",8
"Bra028189",10
"Bra028193",5
"Bra028357",6
"Bra028367",10
"Bra028401",7
"Bra028404",6
"Bra028409",8
"Bra028414,Bra028415",8
"Bra028419",7
"Bra028446",8
"Bra028459",7
"Bra028474",5
"Bra028483",6
"Bra028506",7
"Bra028510",5
"Bra028524",6
"Bra028537",8
"Bra028542",7
"Bra028543",5
"Bra028546",10
"Bra028568,Bra028569",8
"Bra028624",6
"Bra028651",6
"Bra028666",5
"Bra028689,tRNA-Leu",8
"Bra028701",5
"Bra028708",10
"Bra028710",6
"Bra028740",5
"Bra028754",8
"Bra028766,Bra028767",5
"Bra028778",10
"Bra028789",8
"Bra028796",10
"Bra028809",6
"Bra028849",7
"Bra028853,Bra028854",7
"Bra028856",10
"Bra028875",9
"Bra028906",1
"Bra028912",8
"Bra028940",10
"Bra028953",7
"Bra028963",10
"Bra028975",10
"Bra028992",3
"Bra029000",10
"Bra029001",8
"Bra029045,Bra029046",3
"Bra029067",6
"Bra029071",5
"Bra029073",5
"Bra029099",6
"Bra029107",3
"Bra029140",6
"Bra029167",10
"Bra029193",7
"Bra029228,Bra029229",8
"Bra029256",10
"Bra029289",5
"Bra029292,Bra029293",7
"Bra029307,Bra029308",1
"Bra029325,Bra029326",7
"Bra029355",5
"Bra029362,Bra029363",7
"Bra029427",7
"Bra029472,Bra029473",5
"Bra029486",7
"Bra029493",5
"Bra029515",8
"Bra029591",5
"Bra029603",7
"Bra029614,Bra029615",11
"Bra029620",5
"Bra029638,Bra029639",5
"Bra029642",8
"Bra029649",11
"Bra029669,Bra029670",8
"Bra029697",6
"Bra029712,Bra029713,Bra029714",6
"Bra029751",10
"Bra029780",10
"Bra029802",7
"Bra029813,Bra029814",7
"Bra029853",4
"Bra029857",8
"Bra029859",10
"Bra029871",7
"Bra029922",10
"Bra029923",6
"Bra029966",10
"Bra029969,Bra029970",7
"Bra029986",8
"Bra030031",7
"Bra030045,snoR74",10
"Bra030064",7
"Bra030082",7
"Bra030092",5
"Bra030181",8
"Bra030220",6
"Bra030228",8
"Bra030244,Bra030245",5
"Bra030256",11
"Bra030292",10
"Bra030306",6
"Bra030316",7
"Bra030317",7
"Bra030319",8
"Bra030331",8
"Bra030388",1
"Bra030405,Bra030406",5
"Bra030446",8
"Bra030486",7
"Bra030540",4
"Bra030561",10
"Bra030576",6
"Bra030585",5
"Bra030587",6
"Bra030607,Bra030608",6
"Bra030622",9
"Bra030664,Bra030665,Bra030666,tRNA-Gly",6
"Bra030673,Bra030674",5
"Bra030727,Bra030760,Bra030763",6
"Bra030732",6
"Bra030762",3
"Bra030786",10
"Bra030790",5
"Bra030791",10
"Bra030799",1
"Bra030805,Bra030806",6
"Bra030808",9
"Bra030843",11
"Bra030856",6
"Bra030858",6
"Bra030879",10
"Bra030885",5
"Bra030908",5
"Bra030922",10
"Bra030984",8
"Bra031011",6
"Bra031041,Bra031042,Bra031044",9
"Bra031044,Bra031045",6
"Bra031084,Bra031085",4
"Bra031093",5
"Bra031146",6
"Bra031158",9
"Bra031165",5
"Bra031182",7
"Bra031183,Bra031184",6
"Bra031191,Bra031192",9
"Bra031222",7
"Bra031261",6
"Bra031272",6
"Bra031290",3
"Bra031296",7
"Bra031313,Bra031314",7
"Bra031330",8
"Bra031347,Bra031348,Bra031349",5
"Bra031351",8
"Bra031389",5
"Bra031413",8
"Bra031490",5
"Bra031522",1
"Bra031623",8
"Bra031640",1
"Bra031648,Bra031649",9
"Bra031705",10
"Bra031785",6
"Bra031789,Bra031790",5
"Bra031802",6
"Bra031869",6
"Bra031898",7
"Bra031935,Bra031936",7
"Bra031939,Bra031940",7
"Bra031961",7
"Bra032003,Bra032004",1
"Bra032011",1
"Bra032018,Bra032019",5
"Bra032053,Bra032054",7
"Bra032061",7
"Bra032062",7
"Bra032082",5
"Bra032101",5
"Bra032109",7
"Bra032122",4
"Bra032124",10
"Bra032134",5
"Bra032135,Bra032136",8
"Bra032137",10
"Bra032147",8
"Bra032166",9
"Bra032191",8
"Bra032192",7
"Bra032196",7
"Bra032210",7
"Bra032255",6
"Bra032284",4
"Bra032315,Bra032316",8
"Bra032332",5
"Bra032344",8
"Bra032366",7
"Bra032392",8
"Bra032416",7
"Bra032484",7
"Bra032540",10
"Bra032548",6
"Bra032551",10
"Bra032617",7
"Bra032622,Bra032623",7
"Bra032664,Bra032665,Bra032666",5
"Bra032681",1
"Bra032697",10
"Bra032707,Bra032708",5
"Bra032727",6
"Bra032734",5
"Bra032743,Bra032744",7
"Bra032807,Bra032808",4
"Bra032952",5
"Bra032954",7
"Bra032981",5
"Bra032987,Bra032988",1
"Bra033012",5
"Bra033025,Bra033026",8
"Bra033053,Bra033054",6
"Bra033056",6
"Bra033069,Bra033070",8
"Bra033103",7
"Bra033172",10
"Bra033195",6
"Bra033199",8
"Bra033214,Bra033215,Bra033216",6
"Bra033218",6
"Bra033224",8
"Bra033248",7
"Bra033249",6
"Bra033254",8
"Bra033255",8
"Bra033275,Bra033276",7
"Bra033282",6
"Bra033311",10
"Bra033323",8
"Bra033346",10
"Bra033368",7
"Bra033373",3
"Bra033389",10
"Bra033402",6
"Bra033412",7
"Bra033413",7
"Bra033415",5
"Bra033422",7
"Bra033438",4
"Bra033442",6
"Bra033451",6
"Bra033467",7
"Bra033472",8
"Bra033473",10
"Bra033483",3
"Bra033489",6
"Bra033491",10
"Bra033493",7
"Bra033511,tRNA-Lys",7
"Bra033533,Bra033534",5
"Bra033540",6
"Bra033545",5
"Bra033578",7
"Bra033597",8
"Bra033612,Bra033613",3
"Bra033644",7
"Bra033657",11
"Bra033701,Bra033702",8
"Bra033706",10
"Bra033713,Bra033714",7
"Bra033735",5
"Bra033746",8
"Bra033747",6
"Bra033757",5
"Bra033774,Bra033775",3
"Bra033802",8
"Bra033820",7
"Bra033832",6
"Bra033837",6
"Bra033840",11
"Bra033859,Bra033860",6
"Bra033871",10
"Bra033879",5
"Bra033911",8
"Bra033958",11
"Bra033968",7
"Bra033973",11
"Bra033981",6
"Bra033999",5
"Bra034037,Bra034039,Bra034040",7
"Bra034063",11
"Bra034144",7
"Bra034179",5
"Bra034236,Bra034237",8
"Bra034254",1
"Bra034263,Bra034264",8
"Bra034271",7
"Bra034297",7
"Bra034298",7
"Bra034309",1
"Bra034356",10
"Bra034364",10
"Bra034368,Bra034369",10
"Bra034383",6
"Bra034404",6
"Bra034432",3
"Bra034441",7
"Bra034459",7
"Bra034466",8
"Bra034556",9
"Bra034566,Bra034569",6
"Bra034573",7
"Bra034580",6
"Bra034589",6
"Bra034608,Bra034609,Bra034610",3
"Bra034620",8
"Bra034643",5
"Bra034674",7
"Bra034710",8
"Bra034715,Bra034716",10
"Bra034729,Bra034731",6
"Bra034736,Bra034737",7
"Bra034758",5
"Bra034800",10
"Bra034815",5
"Bra034828",8
"Bra034834",5
"Bra034846,Bra034847,Bra034848,tRNA-Val",3
"Bra034862,Bra034863",7
"Bra034864,Bra034865",7
"Bra034873",8
"Bra034897",8
"Bra034917",7
"Bra034989",8
"Bra035008",5
"Bra035009",1
"Bra035022",8
"Bra035042,Bra035043",7
"Bra035049",8
"Bra035067",11
"Bra035095",5
"Bra035101",4
"Bra035119",10
"Bra035153",7
"Bra035168",10
"Bra035186",7
"Bra035188,Bra035189,Bra035190",9
"Bra035211",1
"Bra035213",8
"Bra035219",5
"Bra035244",7
"Bra035251",10
"Bra035260,Bra035261",10
"Bra035281",6
"Bra035296",5
"Bra035298",10
"Bra035360",7
"Bra035365",8
"Bra035413",10
"Bra035446",8
"Bra035450,Bra035451",3
"Bra035486",6
"Bra035487,Bra035488",7
"Bra035490",4
"Bra035544",5
"Bra035563",6
"Bra035565",10
"Bra035574",3
"Bra035608",1
"Bra035633",3
"Bra035649",5
"Bra035658",7
"Bra035721",8
"Bra035734",5
"Bra035785,Bra035786",10
"Bra035803,Bra035804",10
"Bra035819,Bra035820",10
"Bra035836",6
"Bra035839,Bra035875,Bra035883",6
"Bra035841",7
"Bra035847",10
"Bra035848",8
"Bra035864",8
"Bra035880",7
"Bra035881",5
"Bra035913",3
"Bra035916",8
"Bra035939",10
"Bra035973",6
"Bra035980",10
"Bra035994",8
"Bra036001",8
"Bra036074",6
"Bra036117",10
"Bra036120",4
"Bra036146",3
"Bra036155",8
"Bra036169",10
"Bra036184",7
"Bra036193",7
"Bra036216",7
"Bra036233",8
"Bra036234",5
"Bra036243",6
"Bra036247",5
"Bra036251",7
"Bra036252",8
"Bra036258",6
"Bra036266",7
"Bra036316",3
"Bra036321",5
"Bra036325,Bra036326,Bra036327",9
"Bra036365",6
"Bra036409",6
"Bra036448",10
"Bra036490",5
"Bra036495",4
"Bra036518",7
"Bra036527",7
"Bra036528",7
"Bra036548",7
"Bra036580",5
"Bra036585",5
"Bra036593",3
"Bra036599",7
"Bra036606",8
"Bra036611",10
"Bra036615",6
"Bra036618",5
"Bra036625",10
"Bra036669",5
"Bra036699",8
"Bra036709,Bra036710",10
"Bra036730",11
"Bra036740",8
"Bra036763",6
"Bra036764",5
"Bra036797",7
"Bra036804",8
"Bra036823",10
"Bra036827",8
"Bra036840,Bra036841",7
"Bra036882",3
"Bra036883",8
"Bra036904",7
"Bra036908",7
"Bra036931",6
"Bra036935",7
"Bra036992",10
"Bra037042",8
"Bra037055",8
"Bra037068",10
"Bra037080",5
"Bra037091",6
"Bra037112,Bra037113,Bra037115",3
"Bra037149",1
"Bra037160",7
"Bra037164",5
"Bra037167,Bra037168",6
"Bra037177",5
"Bra037181,Bra037182",6
"Bra037191",7
"Bra037196",7
"Bra037200",5
"Bra037210",11
"Bra037215",4
"Bra037273,Bra037274",8
"Bra037306",10
"Bra037309",4
"Bra037337",5
"Bra037358",8
"Bra037364",4
"Bra037380",6
"Bra037386",8
"Bra037389",7
"Bra037405",8
"Bra037409",6
"Bra037411",11
"Bra037412",7
"Bra037439",6
"Bra037460",7
"Bra037475",9
"Bra037476",6
"Bra037501,Bra037502",6
"Bra037623",6
"Bra037651",8
"Bra037655",7
"Bra037669",6
"Bra037680,Bra037682",4
"Bra037696",10
"Bra037731",7
"Bra037761",7
"Bra037777,tRNA-Val",5
"Bra037787",10
"Bra037799",10
"Bra037832",8
"Bra037844,tRNA-Met",5
"Bra037862",7
"Bra037888",7
"Bra037962",5
"Bra037976",5
"Bra037984",5
"Bra038011",8
"Bra038024",8
"Bra038032",7
"Bra038040",7
"Bra038081,Bra038082,Bra038083",8
"Bra038091,Bra038092",8
"Bra038098,Bra038099",7
"Bra038157",5
"Bra038165",8
"Bra038166",8
"Bra038168,Bra038169",8
"Bra038209",7
"Bra038233",8
"Bra038281",9
"Bra038298",8
"Bra038318",5
"Bra038389",6
"Bra038424",8
"Bra038470",7
"Bra038489",8
"Bra038523",1
"Bra038600",10
"Bra038610,Bra038611,tRNA-Thr",9
"Bra038613",7
"Bra038621,Bra038622",6
"Bra038636",7
"Bra038646",6
"Bra038649,Bra038650",7
"Bra038666",6
"Bra038688",5
"Bra038714",5
"Bra038729",6
"Bra038805",6
"Bra038815",6
"Bra038825",8
"Bra038835",3
"Bra038863",7
"Bra038899",3
"Bra038942",6
"Bra038946",7
"Bra038957",5
"Bra038964,Bra038966,Bra038967,Bra038968",5
"Bra039013",10
"Bra039014",10
"Bra039018,Bra039019",8
"Bra039041",10
"Bra039048",7
"Bra039057",5
"Bra039066",10
"Bra039082",6
"Bra039091",4
"Bra039094",10
"Bra039109",5
"Bra039113",6
"Bra039114",6
"Bra039117",6
"Bra039120",6
"Bra039144",5
"Bra039149",5
"Bra039151",5
"Bra039163",1
"Bra039174,Bra039175",5
"Bra039175",9
"Bra039212",5
"Bra039216",7
"Bra039223",6
"Bra039238",3
"Bra039270",7
"Bra039300",8
"Bra039311,Bra039312,Bra039314,Bra039315",10
"Bra039321",5
"Bra039323",8
"Bra039362",3
"Bra039407,Bra039408",8
"Bra039441",10
"Bra039557",7
"Bra039578",5
"Bra039579",8
"Bra039612",10
"Bra039648",10
"Bra039661",7
"Bra039678",5
"Bra039680",6
"Bra039683",8
"Bra039708",10
"Bra039713,Bra039714",10
"Bra039735",3
"Bra039740",10
"Bra039748",5
"Bra039816",5
"Bra039818",5
"Bra039831",7
"Bra039835",4
"Bra039837",7
"Bra039865",5
"Bra039880",6
"Bra039911",5
"Bra039925",7
"Bra039936",6
"Bra039947",1
"Bra039962",5
"Bra039969",6
"Bra039975",10
"Bra039999",10
"Bra040011",7
"Bra040050",5
"Bra040100",7
"Bra040117",10
"Bra040120",10
"Bra040147",5
"Bra040162",8
"Bra040197",10
"Bra040211",7
"Bra040234",8
"Bra040285",6
"Bra040306",5
"Bra040403",5
"Bra040409",5
"Bra040413",6
"Bra040415",5
"Bra040417",6
"Bra040419",1
"Bra040427",6
"Bra040448",4
"Bra040512,Bra040514",6
"Bra040518",8
"Bra040520",6
"Bra040540",8
"Bra040573",6
"Bra040582",7
"Bra040630",4
"Bra040738",6
"Bra040749",8
"Bra040757",5
"Bra040771",7
"Bra040773",6
"Bra040801",9
"Bra040826",1
"Bra040850",6
"Bra040895",5
"Bra040899",3
"Bra040924",11
"Bra040932",4
"Bra040933",7
"Bra040955",10
"Bra040958",8
"Bra040987",7
"Bra040992",5
"Bra041021",8
"Bra041108",7
"Bra041123",5
