"","cutree(hc, k = 25)"
"Photo",1
"gs",1
"Fv.Fm.",1
"Starch",2
"NSC",3
"SM",4
"Bra000003",5
"Bra000024",6
"Bra000028",7
"Bra000031",8
"Bra000036",9
"Bra000065",10
"Bra000073",11
"Bra000079,Bra000080",11
"Bra000089,Bra000090",12
"Bra000111",12
"Bra000130",13
"Bra000144",8
"Bra000157",14
"Bra000159",15
"Bra000207",3
"Bra000240",10
"Bra000242",15
"Bra000263",14
"Bra000285",9
"Bra000293",8
"Bra000294",16
"Bra000302,Bra000303",17
"Bra000310",3
"Bra000321",8
"Bra000338",15
"Bra000382",8
"Bra000384",11
"Bra000391",7
"Bra000394",18
"Bra000408",18
"Bra000412",18
"Bra000440",15
"Bra000460",8
"Bra000461",18
"Bra000472",7
"Bra000483",4
"Bra000534",8
"Bra000536",14
"Bra000538",8
"Bra000567",10
"Bra000587",19
"Bra000600",3
"Bra000614",12
"Bra000616,Bra000617",15
"Bra000623",15
"Bra000654",14
"Bra000657",17
"Bra000659",15
"Bra000662",7
"Bra000663",14
"Bra000699",12
"Bra000711",15
"Bra000739",8
"Bra000741",8
"Bra000757",18
"Bra000760",20
"Bra000769",11
"Bra000777",12
"Bra000785",12
"Bra000787",12
"Bra000806",20
"Bra000821",15
"Bra000848",20
"Bra000849",5
"Bra000853",15
"Bra000863",10
"Bra000867",17
"Bra000875,Bra000876",8
"Bra000878",8
"Bra000884",18
"Bra000885",21
"Bra000901",16
"Bra000942",10
"Bra000952,Bra000953",4
"Bra000955",18
"Bra000961",8
"Bra000989",15
"Bra001003",12
"Bra001009",19
"Bra001020",15
"Bra001034",8
"Bra001037",21
"Bra001052",14
"Bra001090",20
"Bra001094",14
"Bra001104",15
"Bra001114",14
"Bra001116",15
"Bra001121",18
"Bra001127",15
"Bra001151",7
"Bra001154",15
"Bra001156",15
"Bra001177",7
"Bra001186",10
"Bra001200,Bra001201",7
"Bra001207",3
"Bra001213",14
"Bra001289",12
"Bra001291",17
"Bra001297",14
"Bra001306",15
"Bra001317",10
"Bra001346",12
"Bra001348,Bra001349",12
"Bra001358,Bra001359,tRNA-Tyr",10
"Bra001368",20
"Bra001372",12
"Bra001373",7
"Bra001401",14
"Bra001406",15
"Bra001415",4
"Bra001447",10
"Bra001450",15
"Bra001451",10
"Bra001461",10
"Bra001489",9
"Bra001501",10
"Bra001535",17
"Bra001539",10
"Bra001550",7
"Bra001579",1
"Bra001587",4
"Bra001591,Bra001592",7
"Bra001618",4
"Bra001626",10
"Bra001662",22
"Bra001676,Bra001678",10
"Bra001715",15
"Bra001738",1
"Bra001761",20
"Bra001783",8
"Bra001788",14
"Bra001816",8
"Bra001848",7
"Bra001911",15
"Bra001925",1
"Bra001934",15
"Bra001942",16
"Bra001950",12
"Bra001958,Bra001959",3
"Bra001970",14
"Bra002023",3
"Bra002038",5
"Bra002045",15
"Bra002080",17
"Bra002081",21
"Bra002086",18
"Bra002099,Bra002100",8
"Bra002101",15
"Bra002106",15
"Bra002113",17
"Bra002137",10
"Bra002156",14
"Bra002191",4
"Bra002216,Bra002217",21
"Bra002220",10
"Bra002221",16
"Bra002227",14
"Bra002237",7
"Bra002255",3
"Bra002258",15
"Bra002261",14
"Bra002273",4
"Bra002290,Bra002291",15
"Bra002296",10
"Bra002318",10
"Bra002322",20
"Bra002326",9
"Bra002354",22
"Bra002373",17
"Bra002382",18
"Bra002385,Bra002386",18
"Bra002388",8
"Bra002412",10
"Bra002422",15
"Bra002424,Bra002425",15
"Bra002456",12
"Bra002468",8
"Bra002483",15
"Bra002485",5
"Bra002523",7
"Bra002561",15
"Bra002567,Bra002568",8
"Bra002584",12
"Bra002596",8
"Bra002617",10
"Bra002619",18
"Bra002630",13
"Bra002645,tRNA-Ser",23
"Bra002655,Bra002656",17
"Bra002665",14
"Bra002677",24
"Bra002684",10
"Bra002697",17
"Bra002703",7
"Bra002710",24
"Bra002715,Bra002716",24
"Bra002799,tRNA-Ser",14
"Bra002804",7
"Bra002839,Bra002840",22
"Bra002861",5
"Bra002886",16
"Bra002900",9
"Bra002914",3
"Bra002917,Bra002918",15
"Bra002944",10
"Bra002973,Bra002974",9
"Bra002975",21
"Bra003001,Bra003002",14
"Bra003007,Bra003009",20
"Bra003015",12
"Bra003024",17
"Bra003034",12
"Bra003053",4
"Bra003055",14
"Bra003059",7
"Bra003062",7
"Bra003063",17
"Bra003086",12
"Bra003114,Bra003115",8
"Bra003147",4
"Bra003152",21
"Bra003155",14
"Bra003159",9
"Bra003163",12
"Bra003184,Bra003186",14
"Bra003190",20
"Bra003209",23
"Bra003239",12
"Bra003241,Bra003242",15
"Bra003253",17
"Bra003273",3
"Bra003276,Bra003277",18
"Bra003336",15
"Bra003355",21
"Bra003396",12
"Bra003427,Bra003428",15
"Bra003434",25
"Bra003457",1
"Bra003471",15
"Bra003486,Bra003487",4
"Bra003504",17
"Bra003512",15
"Bra003527",21
"Bra003541,Bra003542,Bra003543,Bra003544",5
"Bra003604",9
"Bra003617",17
"Bra003618",10
"Bra003624",12
"Bra003653",14
"Bra003670",10
"Bra003705",15
"Bra003716",10
"Bra003750",12
"Bra003757,U4",8
"Bra003758",7
"Bra003765",10
"Bra003776",7
"Bra003840,Bra003841",11
"Bra003841",4
"Bra003864",1
"Bra003942",1
"Bra003949",14
"Bra004024",8
"Bra004066",13
"Bra004077,Bra004078",10
"Bra004087,snoR74",14
"Bra004094",10
"Bra004101",7
"Bra004109",23
"Bra004113",18
"Bra004118",11
"Bra004138",14
"Bra004177,Bra004178",9
"Bra004188",10
"Bra004214,Bra004215",7
"Bra004222",17
"Bra004225",15
"Bra004244",4
"Bra004247,Bra004248",25
"Bra004267",13
"Bra004324",9
"Bra004355",11
"Bra004388,Bra004389,Bra004390,Bra004391",18
"Bra004400",15
"Bra004435",18
"Bra004436",10
"Bra004460",4
"Bra004497",12
"Bra004504",12
"Bra004518",20
"Bra004528",5
"Bra004537",3
"Bra004540",8
"Bra004545",18
"Bra004546",10
"Bra004562",12
"Bra004581",10
"Bra004604",21
"Bra004639",4
"Bra004649",14
"Bra004654",15
"Bra004675",15
"Bra004683",9
"Bra004722",14
"Bra004744",20
"Bra004749",1
"Bra004763",10
"Bra004771",3
"Bra004782",6
"Bra004783",17
"Bra004792",14
"Bra004795,Bra004796",8
"Bra004806",15
"Bra004834,Bra004835,Bra004836",19
"Bra004850",15
"Bra004853",9
"Bra004871",14
"Bra004875",10
"Bra004895,Bra004897,Bra004898",7
"Bra004937,Bra004938",15
"Bra004940",18
"Bra004943",14
"Bra004960",18
"Bra004995",14
"Bra004997",18
"Bra005002",14
"Bra005003",17
"Bra005012",20
"Bra005019",12
"Bra005026",15
"Bra005064",4
"Bra005097",15
"Bra005099",14
"Bra005134",4
"Bra005141",4
"Bra005168",22
"Bra005175",14
"Bra005177",5
"Bra005180",15
"Bra005193",11
"Bra005211,Bra005212",15
"Bra005216",18
"Bra005227,Bra005229",18
"Bra005235",9
"Bra005258",17
"Bra005261",20
"Bra005296",14
"Bra005306",24
"Bra005310",18
"Bra005329",8
"Bra005335",8
"Bra005337",15
"Bra005341,Bra005342",15
"Bra005347",15
"Bra005371",14
"Bra005397",8
"Bra005404",15
"Bra005441",14
"Bra005476",14
"Bra005505",10
"Bra005514",14
"Bra005521",23
"Bra005531",9
"Bra005546",3
"Bra005570",15
"Bra005598",23
"Bra005601",15
"Bra005603",14
"Bra005607",15
"Bra005635",15
"Bra005641",20
"Bra005661,Bra005662",12
"Bra005663",7
"Bra005668",15
"Bra005673",10
"Bra005677",5
"Bra005682,Bra005683",6
"Bra005686",12
"Bra005696",7
"Bra005709",8
"Bra005715",12
"Bra005718,Bra005767",10
"Bra005727",3
"Bra005745",15
"Bra005749",14
"Bra005759",15
"Bra005770",8
"Bra005784",14
"Bra005798",14
"Bra005804",12
"Bra005809",17
"Bra005817",15
"Bra005820",15
"Bra005822",18
"Bra005881",14
"Bra005889",8
"Bra005923",15
"Bra005929",16
"Bra005974",21
"Bra005980",14
"Bra005982",12
"Bra006016",18
"Bra006029",9
"Bra006031",8
"Bra006048",13
"Bra006051",18
"Bra006052",4
"Bra006053",14
"Bra006061",10
"Bra006101",18
"Bra006182",4
"Bra006198,Bra006199",20
"Bra006200",15
"Bra006211",10
"Bra006215",20
"Bra006224",23
"Bra006227",7
"Bra006233",6
"Bra006234",14
"Bra006248",9
"Bra006262",9
"Bra006272,Bra006329",17
"Bra006289",14
"Bra006290",17
"Bra006291",19
"Bra006297",10
"Bra006332,Bra006333",8
"Bra006337",8
"Bra006338",15
"Bra006340",15
"Bra006351,Bra006352",14
"Bra006360",12
"Bra006380",15
"Bra006413",4
"Bra006454",15
"Bra006456",6
"Bra006482",15
"Bra006515",15
"Bra006517",10
"Bra006523",3
"Bra006530",14
"Bra006536",4
"Bra006538",15
"Bra006553",15
"Bra006567",15
"Bra006579",8
"Bra006597",9
"Bra006603",18
"Bra006622",9
"Bra006623",8
"Bra006626",15
"Bra006629",14
"Bra006633",3
"Bra006639",9
"Bra006685",7
"Bra006694",10
"Bra006700",3
"Bra006710,Bra006711,Bra006712,Bra006713,Bra006714",8
"Bra006748",15
"Bra006750",10
"Bra006768",14
"Bra006770",8
"Bra006778",14
"Bra006787",14
"Bra006794",10
"Bra006795,Bra006796,Bra006797,U2",4
"Bra006857",15
"Bra006877,Bra006878",14
"Bra006879",7
"Bra006936",15
"Bra007020",19
"Bra007047",7
"Bra007070",15
"Bra007105",18
"Bra007116",10
"Bra007131",4
"Bra007143,Bra007146",3
"Bra007151,Bra007152",15
"Bra007174",6
"Bra007181",15
"Bra007195",10
"Bra007220,Bra007221",15
"Bra007241",16
"Bra007250",17
"Bra007283",15
"Bra007299",8
"Bra007329,Bra007330,Bra007331",3
"Bra007337",12
"Bra007343",15
"Bra007345",14
"Bra007383",9
"Bra007399,Bra007401,Bra007402",14
"Bra007462",15
"Bra007499,Bra007500",17
"Bra007548",10
"Bra007587",8
"Bra007608,Bra007609",10
"Bra007657",7
"Bra007669",15
"Bra007682",10
"Bra007695",11
"Bra007698,Bra007699,tRNA-Gly",11
"Bra007713,Bra007714",14
"Bra007738",16
"Bra007745,Bra007746,Bra007747,Bra007748",15
"Bra007768,Bra007769",3
"Bra007774,Bra007775",10
"Bra007776,Bra007777",13
"Bra007783",12
"Bra007840",13
"Bra007856,tRNA-Arg",11
"Bra007912",17
"Bra007919",18
"Bra007924",3
"Bra007930",15
"Bra007945,Bra007947,Bra007949,Bra007950,Bra007951",14
"Bra007950",10
"Bra007993,Bra007994",10
"Bra008003",17
"Bra008030",14
"Bra008047",8
"Bra008070",4
"Bra008128,Bra008130",5
"Bra008144,Bra008145",15
"Bra008216,Bra008217",8
"Bra008392,Bra008393",17
"Bra008406",10
"Bra008425",10
"Bra008426",12
"Bra008462,Bra008463,Bra008464",9
"Bra008476,Bra008477",17
"Bra008506",14
"Bra008507",12
"Bra008517",8
"Bra008540",11
"Bra008558",8
"Bra008592",18
"Bra008602",9
"Bra008627",16
"Bra008643",15
"Bra008653,Bra008655",12
"Bra008658",14
"Bra008663",10
"Bra008683",15
"Bra008699",23
"Bra008735",15
"Bra008746",18
"Bra008747",17
"Bra008766",4
"Bra008772,Bra008773",17
"Bra008785",6
"Bra008792",11
"Bra008801",10
"Bra008824,Bra008825,Bra008826",15
"Bra008842",8
"Bra008876",14
"Bra008903,Bra008904",13
"Bra008957",15
"Bra008958,tRNA-Phe",15
"Bra008961",9
"Bra008975",4
"Bra008984",14
"Bra009001",5
"Bra009004",14
"Bra009006,Bra009007",16
"Bra009039",15
"Bra009046",8
"Bra009055",18
"Bra009080",15
"Bra009087",21
"Bra009090",18
"Bra009101",23
"Bra009107,Bra009108",8
"Bra009109",5
"Bra009181",9
"Bra009184",21
"Bra009243,Bra009244",24
"Bra009292",15
"Bra009295",8
"Bra009299",7
"Bra009330,Bra009331",13
"Bra009334",14
"Bra009351",8
"Bra009352",15
"Bra009355,Bra009356",17
"Bra009364",8
"Bra009368",20
"Bra009396,Bra009397,Bra009398",20
"Bra009410",3
"Bra009427",18
"Bra009431",15
"Bra009433",7
"Bra009434",3
"Bra009440,Bra009441",20
"Bra009449",8
"Bra009459,Bra009460,Bra009461",7
"Bra009571,Bra009572",15
"Bra009577",15
"Bra009584",20
"Bra009600",12
"Bra009601",11
"Bra009603,Bra009604",12
"Bra009605",12
"Bra009609,Bra009610",19
"Bra009617",14
"Bra009644",9
"Bra009649",13
"Bra009670",15
"Bra009692,Bra009693",14
"Bra009706,Bra009707",15
"Bra009712,Bra009713",20
"Bra009724",9
"Bra009750",9
"Bra009758",9
"Bra009762,Bra009763",3
"Bra009768",18
"Bra009771",8
"Bra009789,Bra009790",15
"Bra009821",10
"Bra009826",3
"Bra009854",12
"Bra009940",15
"Bra009941",7
"Bra009948,Bra009949",9
"Bra009965,Bra009966,Bra009967",9
"Bra009968",11
"Bra009998",15
"Bra010013",12
"Bra010018",9
"Bra010028,Bra010029",10
"Bra010085",7
"Bra010106",8
"Bra010116",7
"Bra010124",17
"Bra010126",15
"Bra010171",12
"Bra010189",8
"Bra010228",14
"Bra010283",22
"Bra010330",15
"Bra010339",9
"Bra010413",15
"Bra010453",10
"Bra010454",12
"Bra010455",15
"Bra010459",21
"Bra010464,tRNA-Lys",8
"Bra010476",10
"Bra010483",17
"Bra010510",10
"Bra010567",17
"Bra010580",8
"Bra010616",15
"Bra010620,Bra010621",14
"Bra010667",14
"Bra010681",9
"Bra010717,Bra010718",12
"Bra010727",5
"Bra010749",7
"Bra010796",12
"Bra010808",12
"Bra010816,Bra010817",7
"Bra010853",9
"Bra010943",15
"Bra010954",10
"Bra010956,Bra010957",11
"Bra010977",4
"Bra010983",21
"Bra011016",8
"Bra011047",4
"Bra011076",9
"Bra011081",9
"Bra011097",11
"Bra011106",15
"Bra011108",15
"Bra011116",15
"Bra011134",16
"Bra011148,Bra011150",17
"Bra011190",10
"Bra011232",9
"Bra011250",18
"Bra011268",18
"Bra011275",14
"Bra011292",18
"Bra011299",8
"Bra011314",9
"Bra011315",5
"Bra011328",8
"Bra011404",10
"Bra011412",20
"Bra011449",15
"Bra011460",7
"Bra011469",15
"Bra011477",15
"Bra011485",1
"Bra011488",24
"Bra011500",22
"Bra011515",14
"Bra011530",14
"Bra011536",10
"Bra011537",7
"Bra011538",13
"Bra011541",7
"Bra011546",15
"Bra011551",14
"Bra011556,Bra011557,Bra011558",25
"Bra011565",7
"Bra011568",14
"Bra011584",10
"Bra011590",8
"Bra011596",10
"Bra011606",11
"Bra011609",8
"Bra011644",14
"Bra011664",15
"Bra011677",14
"Bra011679",7
"Bra011703",8
"Bra011706",17
"Bra011728",14
"Bra011733",7
"Bra011736",8
"Bra011770",15
"Bra011786",3
"Bra011794,Bra011795",15
"Bra011819",5
"Bra011822",3
"Bra011824",14
"Bra011825",15
"Bra011830",18
"Bra011839",7
"Bra011847,Bra011848,tRNA-Trp",7
"Bra011871",14
"Bra011872",14
"Bra011919",9
"Bra011921",3
"Bra011923",21
"Bra011967",10
"Bra011985",9
"Bra012005",7
"Bra012008",8
"Bra012012",14
"Bra012038",8
"Bra012040",4
"Bra012045",11
"Bra012052",12
"Bra012054",4
"Bra012074",15
"Bra012076,Bra012077,Bra012079",7
"Bra012099,Bra012100",3
"Bra012127",1
"Bra012144",8
"Bra012152",17
"Bra012153",4
"Bra012154",23
"Bra012158",7
"Bra012176",15
"Bra012203",14
"Bra012222,Bra012225",15
"Bra012230",21
"Bra012244",14
"Bra012294,Bra012295",7
"Bra012303",8
"Bra012327",14
"Bra012339",4
"Bra012364",13
"Bra012371",8
"Bra012417",13
"Bra012446,Bra012447",14
"Bra012462",4
"Bra012475",18
"Bra012519,Bra038811",12
"Bra012580,tRNA-Glu",14
"Bra012595,Bra012596",14
"Bra012616",15
"Bra012644",17
"Bra012651",12
"Bra012667,Bra012694",15
"Bra012676",7
"Bra012696",3
"Bra012710",13
"Bra012721,Bra012722",7
"Bra012724",17
"Bra012735",7
"Bra012747",8
"Bra012753",8
"Bra012779",10
"Bra012781",12
"Bra012784",18
"Bra012805",18
"Bra012807",15
"Bra012809",15
"Bra012812",14
"Bra012836,SNORD46",14
"Bra012840",7
"Bra012871",24
"Bra012899",10
"Bra012916",14
"Bra013007,Bra013009,Bra013011",20
"Bra013012",17
"Bra013013",8
"Bra013017,Bra013018",10
"Bra013046",1
"Bra013049",12
"Bra013053",9
"Bra013069",11
"Bra013087",12
"Bra013102,Bra013103",8
"Bra013120,Bra013121",3
"Bra013132",14
"Bra013152",10
"Bra013155",14
"Bra013156",17
"Bra013161",3
"Bra013164",10
"Bra013171",25
"Bra013172,Bra013173",18
"Bra013192,Bra013193",10
"Bra013215",14
"Bra013218",9
"Bra013223,Bra013224",15
"Bra013225",15
"Bra013239",14
"Bra013284",15
"Bra013300,Bra013301",7
"Bra013303",8
"Bra013341,tRNA-Glu",7
"Bra013342",15
"Bra013352,tRNA-Gly",12
"Bra013371",8
"Bra013378",12
"Bra013430",10
"Bra013436",8
"Bra013445",3
"Bra013450",19
"Bra013462",5
"Bra013476",3
"Bra013507",3
"Bra013517",7
"Bra013536",8
"Bra013540",3
"Bra013558",9
"Bra013563",19
"Bra013576",15
"Bra013582",9
"Bra013601",14
"Bra013602",12
"Bra013643",18
"Bra013653",12
"Bra013657,Bra013658,Bra013659,Bra013660,Bra013664,Bra013678,Bra013681",8
"Bra013674",3
"Bra013675",15
"Bra013690",10
"Bra013693",8
"Bra013719",12
"Bra013743,tRNA-Ala",10
"Bra013747",9
"Bra013761",9
"Bra013774",3
"Bra013777",14
"Bra013786,Bra013788",15
"Bra013804",15
"Bra013805",18
"Bra013826",8
"Bra013832",9
"Bra013853",13
"Bra013859",16
"Bra013863",10
"Bra013869",4
"Bra013870",1
"Bra013881,Bra013882,Bra013883",6
"Bra013904",10
"Bra013906",23
"Bra013907",12
"Bra013909,Bra013911",1
"Bra013912",8
"Bra013915",15
"Bra013924",10
"Bra013931",10
"Bra013949",12
"Bra013950",7
"Bra013957",11
"Bra013977",8
"Bra014037",3
"Bra014042",5
"Bra014044",11
"Bra014046",15
"Bra014081",15
"Bra014131",4
"Bra014184",15
"Bra014195",10
"Bra014209",8
"Bra014229",9
"Bra014233",12
"Bra014238",8
"Bra014252",8
"Bra014283",1
"Bra014291",22
"Bra014298",14
"Bra014326",9
"Bra014340",4
"Bra014351",7
"Bra014361",7
"Bra014387",15
"Bra014389",15
"Bra014403",8
"Bra014405",10
"Bra014414",15
"Bra014417",18
"Bra014436",20
"Bra014493",17
"Bra014497",17
"Bra014503",15
"Bra014504",12
"Bra014529",7
"Bra014550",7
"Bra014558",14
"Bra014562",9
"Bra014569",10
"Bra014600",1
"Bra014622",3
"Bra014633",14
"Bra014635,Bra014636",3
"Bra014648",20
"Bra014663",9
"Bra014671",10
"Bra014674,Bra014675",8
"Bra014689",13
"Bra014692",8
"Bra014696",10
"Bra014722",8
"Bra014730",19
"Bra014755",7
"Bra014766",4
"Bra014808",9
"Bra014819",14
"Bra014842",3
"Bra014853",12
"Bra014865",12
"Bra014870",4
"Bra014903",3
"Bra014908",12
"Bra014911",14
"Bra014938",15
"Bra014950,Bra014951,Bra014958",8
"Bra015023",15
"Bra015025",18
"Bra015047",3
"Bra015052",8
"Bra015061",9
"Bra015065",10
"Bra015088",15
"Bra015131",14
"Bra015153",14
"Bra015170",9
"Bra015225",10
"Bra015237",10
"Bra015274",8
"Bra015298",18
"Bra015301",10
"Bra015305",8
"Bra015306,Bra015307",18
"Bra015315",4
"Bra015316",14
"Bra015317",17
"Bra015319",14
"Bra015397",4
"Bra015456",21
"Bra015499",12
"Bra015520",12
"Bra015538",15
"Bra015544",10
"Bra015564",8
"Bra015572",8
"Bra015574",9
"Bra015594",25
"Bra015613",18
"Bra015638",15
"Bra015654",8
"Bra015665",1
"Bra015668",7
"Bra015695,Bra015696,Bra015697,Bra015698,tRNA-Gln",12
"Bra015752",9
"Bra015781",10
"Bra015784",18
"Bra015798,Bra015799",6
"Bra015843",18
"Bra015845",18
"Bra015878",4
"Bra015885,Bra015886",7
"Bra015911,Bra015912",11
"Bra015938",20
"Bra015976,Bra015977",8
"Bra016007,Bra016008,Bra016009,Bra016010",5
"Bra016016,Bra016017",4
"Bra016034,tRNA-Ser",18
"Bra016062",14
"Bra016074",3
"Bra016123",17
"Bra016127",15
"Bra016153",15
"Bra016163",12
"Bra016195",8
"Bra016198,Bra016199",12
"Bra016226",3
"Bra016252,Bra016253",22
"Bra016259",3
"Bra016264",10
"Bra016284",10
"Bra016356",13
"Bra016402",8
"Bra016419",20
"Bra016459",14
"Bra016471",13
"Bra016478",8
"Bra016481,Bra016482",15
"Bra016502",15
"Bra016541,Bra016542",15
"Bra016548,Bra016549",10
"Bra016557",13
"Bra016572,Bra016573",16
"Bra016641",10
"Bra016672,Bra016674",14
"Bra016674",17
"Bra016679,Bra016680,Bra016681,Bra016682",9
"Bra016683",8
"Bra016694",12
"Bra016703",15
"Bra016720",1
"Bra016736",9
"Bra016752",14
"Bra016758",9
"Bra016776",8
"Bra016809,Bra016810",7
"Bra016811",15
"Bra016835,Bra016836",15
"Bra016868,Bra016869",21
"Bra016903",18
"Bra016930",18
"Bra016955",11
"Bra016964",12
"Bra016974",19
"Bra016986",7
"Bra016993",11
"Bra017008",12
"Bra017019",22
"Bra017077",21
"Bra017081",18
"Bra017133",10
"Bra017134",18
"Bra017143,Bra017144",14
"Bra017162",10
"Bra017182",10
"Bra017199",18
"Bra017203",14
"Bra017267,Bra017268",10
"Bra017279",15
"Bra017317,Bra017318",9
"Bra017342",9
"Bra017427,Bra017428",7
"Bra017436",18
"Bra017454",9
"Bra017499",4
"Bra017546",15
"Bra017566",8
"Bra017602",12
"Bra017604",3
"Bra017625",15
"Bra017633",3
"Bra017644",15
"Bra017666",8
"Bra017672",25
"Bra017674,Bra017675",14
"Bra017684",11
"Bra017693",7
"Bra017723",14
"Bra017749",15
"Bra017752",12
"Bra017769,Bra017770,Bra017771",17
"Bra017781",10
"Bra017823",12
"Bra017826",3
"Bra017853",18
"Bra017855",10
"Bra017872",20
"Bra017907",7
"Bra017916",8
"Bra017920,Bra017921",12
"Bra017949,Bra017951",10
"Bra017964",7
"Bra017969",10
"Bra017976",15
"Bra017986",5
"Bra017987",5
"Bra018006",14
"Bra018009,Bra018010",5
"Bra018028",3
"Bra018030",15
"Bra018039",13
"Bra018085",8
"Bra018090,Bra018091",17
"Bra018100",15
"Bra018112",21
"Bra018122",8
"Bra018137",14
"Bra018141",12
"Bra018155,Bra018156",8
"Bra018184",15
"Bra018210",12
"Bra018218,Bra018219",14
"Bra018223",10
"Bra018232",25
"Bra018252",7
"Bra018264",14
"Bra018277",10
"Bra018293,Bra018294",4
"Bra018324",14
"Bra018329",9
"Bra018338",20
"Bra018340",1
"Bra018381",15
"Bra018407",12
"Bra018435",15
"Bra018436",8
"Bra018454",15
"Bra018469",1
"Bra018487",14
"Bra018492,Bra018493,Bra018496",12
"Bra018518",10
"Bra018520",10
"Bra018531",9
"Bra018543",3
"Bra018544",17
"Bra018549",15
"Bra018573",8
"Bra018595",15
"Bra018596",11
"Bra018610",9
"Bra018616",15
"Bra018628",10
"Bra018677",14
"Bra018681",15
"Bra018689",15
"Bra018695",25
"Bra018723",12
"Bra018736",15
"Bra018759",3
"Bra018762",14
"Bra018815",14
"Bra018819",15
"Bra018824,Bra018826",18
"Bra018828",13
"Bra018836",7
"Bra018849",8
"Bra018864",10
"Bra018872",12
"Bra018876",4
"Bra018897",9
"Bra018900",10
"Bra018955",12
"Bra018995",8
"Bra019003",14
"Bra019026",10
"Bra019068,Bra019069,Bra019070",15
"Bra019071",15
"Bra019072,Bra019075",11
"Bra019082",12
"Bra019101",14
"Bra019115",14
"Bra019121",1
"Bra019122",22
"Bra019143,Bra019144",14
"Bra019147",7
"Bra019154",18
"Bra019178",8
"Bra019193",10
"Bra019196",7
"Bra019205,Bra019206",14
"Bra019210",9
"Bra019212,Bra019213",22
"Bra019214",14
"Bra019231",15
"Bra019239",19
"Bra019264",19
"Bra019285,tRNA-Leu",11
"Bra019307",24
"Bra019384",15
"Bra019430",14
"Bra019433",17
"Bra019453",14
"Bra019466,Bra019467",10
"Bra019492,Bra019493",14
"Bra019533",17
"Bra019539",7
"Bra019558",18
"Bra019560",13
"Bra019572",8
"Bra019574",14
"Bra019613,Bra019614,Bra019615",1
"Bra019626",12
"Bra019634,Bra019635",14
"Bra019662",14
"Bra019665",10
"Bra019666",8
"Bra019667",7
"Bra019675",7
"Bra019686,Bra019688,Bra019689,Bra019690",22
"Bra019701",12
"Bra019718",1
"Bra019733",14
"Bra019760",8
"Bra019764",10
"Bra019784",22
"Bra019785,Bra019786",10
"Bra019792",17
"Bra019827",3
"Bra019829",24
"Bra019853",4
"Bra019870",8
"Bra019888",17
"Bra019893",10
"Bra019908",10
"Bra019928",13
"Bra019940",11
"Bra019975",10
"Bra019991",15
"Bra019994",14
"Bra020005",15
"Bra020014",5
"Bra020036",4
"Bra020040",7
"Bra020042",8
"Bra020051",7
"Bra020062",14
"Bra020067",12
"Bra020082",4
"Bra020086,Bra020087",17
"Bra020123",3
"Bra020124",17
"Bra020125",12
"Bra020136",14
"Bra020137,Bra020138",10
"Bra020169",18
"Bra020200",8
"Bra020215",15
"Bra020229",7
"Bra020234",5
"Bra020280",14
"Bra020296",12
"Bra020343",18
"Bra020357",10
"Bra020369",14
"Bra020400,Bra020401",7
"Bra020403",17
"Bra020430",7
"Bra020494,Bra020495",10
"Bra020507",10
"Bra020586,Bra020587",14
"Bra020599",25
"Bra020605,Bra020606",15
"Bra020639",12
"Bra020653",14
"Bra020666",7
"Bra020667,Bra020668",4
"Bra020681",15
"Bra020724",14
"Bra020748",7
"Bra020750",18
"Bra020763",10
"Bra020836",22
"Bra020884",10
"Bra020904",14
"Bra020913",18
"Bra020935",15
"Bra020949",13
"Bra020971",17
"Bra020980",15
"Bra021016,Bra021017",15
"Bra021037",6
"Bra021041",4
"Bra021044,Bra021076,Bra021077",14
"Bra021065",10
"Bra021067",22
"Bra021079",4
"Bra021121",7
"Bra021123",1
"Bra021132",12
"Bra021134",8
"Bra021170",3
"Bra021292",15
"Bra021293",14
"Bra021296",10
"Bra021314",13
"Bra021384",5
"Bra021419,Bra021420",9
"Bra021448,Bra021450",4
"Bra021457,Bra021458",18
"Bra021529,Bra021530",20
"Bra021579",22
"Bra021599",1
"Bra021634,tRNA-Gly",22
"Bra021650",21
"Bra021658,Bra021659,Bra021660",17
"Bra021796,Bra021797,Bra021798",18
"Bra021810,Bra021811,Bra021812",9
"Bra021826",15
"Bra021847",20
"Bra021852,Bra021853",15
"Bra021874",18
"Bra021898,Bra021899",6
"Bra021902,tRNA-Leu",10
"Bra021913",8
"Bra021937",15
"Bra021961",10
"Bra021967",18
"Bra021971",12
"Bra021983",14
"Bra021990",14
"Bra022114",15
"Bra022147",14
"Bra022148",17
"Bra022151,Bra022152",8
"Bra022168",13
"Bra022182",24
"Bra022189",8
"Bra022195",17
"Bra022219",10
"Bra022234",3
"Bra022241,Bra022242",16
"Bra022245",12
"Bra022247,Bra022248",7
"Bra022288",11
"Bra022298",15
"Bra022310",16
"Bra022325",14
"Bra022448",20
"Bra022458",15
"Bra022471",18
"Bra022503",15
"Bra022505",19
"Bra022553",8
"Bra022574",8
"Bra022585",14
"Bra022593",14
"Bra022597",9
"Bra022598",15
"Bra022600",8
"Bra022610",12
"Bra022697",18
"Bra022717",3
"Bra022734",4
"Bra022736",13
"Bra022760",14
"Bra022769",13
"Bra022802,Bra022803",11
"Bra022804",4
"Bra022813",16
"Bra022815",20
"Bra022816",1
"Bra022830",15
"Bra022836",8
"Bra022867",7
"Bra022868",15
"Bra022878",14
"Bra022880",12
"Bra022884",7
"Bra022908",9
"Bra022923",13
"Bra022938",8
"Bra023006",18
"Bra023018",8
"Bra023023",10
"Bra023033",18
"Bra023045",17
"Bra023052",15
"Bra023056,tRNA-Tyr",9
"Bra023061",17
"Bra023072",15
"Bra023084",11
"Bra023104",14
"Bra023110",3
"Bra023129,Bra023130",8
"Bra023164",4
"Bra023227",14
"Bra023242",18
"Bra023252",12
"Bra023312",15
"Bra023343",3
"Bra023365",8
"Bra023390",12
"Bra023392",4
"Bra023409",10
"Bra023418",4
"Bra023430",15
"Bra023431",10
"Bra023432",16
"Bra023434",8
"Bra023435",17
"Bra023441",11
"Bra023446",14
"Bra023474",19
"Bra023490",18
"Bra023492",9
"Bra023498",12
"Bra023503",14
"Bra023511",15
"Bra023545",12
"Bra023549",10
"Bra023563",9
"Bra023573",1
"Bra023575",12
"Bra023597,Bra023599",17
"Bra023598",18
"Bra023619",1
"Bra023634",15
"Bra023673",12
"Bra023675",19
"Bra023685",9
"Bra023688",10
"Bra023704",6
"Bra023706,Bra023707",18
"Bra023719,Bra023720",18
"Bra023766",10
"Bra023796,Bra023797",14
"Bra023900",17
"Bra023978",12
"Bra024000,Bra024002,Bra024003",4
"Bra024068",11
"Bra024075",17
"Bra024089",8
"Bra024095",18
"Bra024117",18
"Bra024136",10
"Bra024138,Bra024139",7
"Bra024181",8
"Bra024186,Bra024187",12
"Bra024214",7
"Bra024230,Bra024231",10
"Bra024282",8
"Bra024290,Bra024291,Bra024292,Bra024293,Bra024294",6
"Bra024300",16
"Bra024312",15
"Bra024320,Bra024321",14
"Bra024345,tRNA-Arg",8
"Bra024366,Bra024367",4
"Bra024474",10
"Bra024500",11
"Bra024516",20
"Bra024531",13
"Bra024547",8
"Bra024579,Bra024580",8
"Bra024615",16
"Bra024633",20
"Bra024635,Bra024636",8
"Bra024688",15
"Bra024701",15
"Bra024776,Bra024777",16
"Bra024794",15
"Bra024819,Bra024820,Bra024821",10
"Bra024845,Bra024846",21
"Bra024848",12
"Bra024864",3
"Bra024896",14
"Bra024899",8
"Bra024934,Bra024935",8
"Bra024936",10
"Bra024939",12
"Bra024957,Bra024958,Bra024959",9
"Bra024964",10
"Bra025025",9
"Bra025037",10
"Bra025081",8
"Bra025087,Bra025088",7
"Bra025141,Bra025142",9
"Bra025162",8
"Bra025173",17
"Bra025178,Bra025179,Bra025180,Bra025181",17
"Bra025210",12
"Bra025212,Bra025213",10
"Bra025223",10
"Bra025250",12
"Bra025254",17
"Bra025262",18
"Bra025271",12
"Bra025276",10
"Bra025304",4
"Bra025309",10
"Bra025353",9
"Bra025363",1
"Bra025376",24
"Bra025392",9
"Bra025450",11
"Bra025459",15
"Bra025461",17
"Bra025480",14
"Bra025505,Bra025506",7
"Bra025511,Bra025512,Bra025513",11
"Bra025534",9
"Bra025547",22
"Bra025612",17
"Bra025660",10
"Bra025662,Bra025663",1
"Bra025668",20
"Bra025671",8
"Bra025675",16
"Bra025676",18
"Bra025733",8
"Bra025785",17
"Bra025819",21
"Bra025827,Bra025828",7
"Bra025832,Bra025833",21
"Bra025838,Bra025839",5
"Bra025844,Bra025845",7
"Bra025847",8
"Bra025856",8
"Bra025858",14
"Bra025865",8
"Bra025894,Bra025895",14
"Bra025905,tRNA-Asp",9
"Bra025920,Bra025921,Bra025922",7
"Bra025936",3
"Bra025958",9
"Bra025984",14
"Bra025989",8
"Bra026004",3
"Bra026017,Bra026018",8
"Bra026019",17
"Bra026028",14
"Bra026036",10
"Bra026043",23
"Bra026058",20
"Bra026087",7
"Bra026126",14
"Bra026128",5
"Bra026135",9
"Bra026136",18
"Bra026185,Bra026186",17
"Bra026187",13
"Bra026191,Bra026192",10
"Bra026194",14
"Bra026222",10
"Bra026230",7
"Bra026231",10
"Bra026243",4
"Bra026246",18
"Bra026253",10
"Bra026290",15
"Bra026326",17
"Bra026334",17
"Bra026338",14
"Bra026360",12
"Bra026370",8
"Bra026380",15
"Bra026415",17
"Bra026431",18
"Bra026465",18
"Bra026466",18
"Bra026474",3
"Bra026477",15
"Bra026484",14
"Bra026613",10
"Bra026638",7
"Bra026642",14
"Bra026649",17
"Bra026734",7
"Bra026770",3
"Bra026790",15
"Bra026866,Bra026867",4
"Bra026905",13
"Bra026917",15
"Bra026937,Bra026938",14
"Bra026946,Bra026947,Bra026948",10
"Bra026954",8
"Bra026969",10
"Bra027017",9
"Bra027022",14
"Bra027032,Bra027033",7
"Bra027035",6
"Bra027049",7
"Bra027053,Bra027054",12
"Bra027080",3
"Bra027090",8
"Bra027093,Bra027094",13
"Bra027110,Bra027111",15
"Bra027127",9
"Bra027163",4
"Bra027183,Bra027184",17
"Bra027196",14
"Bra027203",12
"Bra027207",3
"Bra027225",17
"Bra027252",10
"Bra027274",4
"Bra027275,Bra027276,Bra027277",7
"Bra027278",15
"Bra027294",14
"Bra027302,Bra027306,Bra027307",19
"Bra027347,Bra027348,Bra027349",12
"Bra027350",5
"Bra027355,Bra027356",17
"Bra027375,Bra027376",11
"Bra027386",14
"Bra027403",10
"Bra027421,Bra027422",4
"Bra027431",17
"Bra027432",17
"Bra027452",14
"Bra027456",15
"Bra027468",13
"Bra027516",14
"Bra027527,Bra027528",7
"Bra027607",8
"Bra027662",8
"Bra027698",10
"Bra027723",7
"Bra027736",13
"Bra027754",14
"Bra027755",18
"Bra027783,Bra027784",18
"Bra027789,tRNA-Thr",14
"Bra027792,Bra027793",7
"Bra027833",21
"Bra027866",17
"Bra027877",8
"Bra027893",8
"Bra027911",15
"Bra027936",3
"Bra027938",4
"Bra027961,Bra027962",17
"Bra027972,Bra027973",21
"Bra027985,Bra027986",15
"Bra028000",9
"Bra028011",10
"Bra028033,Bra028034",10
"Bra028124",14
"Bra028132",1
"Bra028141",17
"Bra028181",17
"Bra028187",12
"Bra028189",15
"Bra028193",6
"Bra028357",9
"Bra028367",15
"Bra028401",10
"Bra028404",17
"Bra028409",12
"Bra028414,Bra028415",12
"Bra028419",10
"Bra028446",11
"Bra028459",10
"Bra028474",20
"Bra028483",17
"Bra028506",10
"Bra028510",5
"Bra028524",7
"Bra028537",18
"Bra028542",8
"Bra028543",14
"Bra028546",15
"Bra028568,Bra028569",18
"Bra028624",7
"Bra028651",7
"Bra028666",14
"Bra028689,tRNA-Leu",12
"Bra028701",14
"Bra028708",15
"Bra028710",17
"Bra028740",14
"Bra028754",11
"Bra028766,Bra028767",14
"Bra028778",15
"Bra028789",11
"Bra028796",15
"Bra028809",7
"Bra028849",10
"Bra028853,Bra028854",10
"Bra028856",15
"Bra028875",13
"Bra028906",1
"Bra028912",18
"Bra028940",15
"Bra028953",8
"Bra028963",15
"Bra028975",15
"Bra028992",3
"Bra029000",15
"Bra029001",18
"Bra029045,Bra029046",23
"Bra029067",17
"Bra029071",14
"Bra029073",5
"Bra029099",7
"Bra029107",3
"Bra029140",17
"Bra029167",15
"Bra029193",10
"Bra029228,Bra029229",18
"Bra029256",15
"Bra029289",14
"Bra029292,Bra029293",10
"Bra029307,Bra029308",1
"Bra029325,Bra029326",8
"Bra029355",20
"Bra029362,Bra029363",10
"Bra029427",10
"Bra029472,Bra029473",5
"Bra029486",10
"Bra029493",14
"Bra029515",18
"Bra029591",14
"Bra029603",8
"Bra029614,Bra029615",19
"Bra029620",6
"Bra029638,Bra029639",14
"Bra029642",18
"Bra029649",21
"Bra029669,Bra029670",12
"Bra029697",7
"Bra029712,Bra029713,Bra029714",9
"Bra029751",15
"Bra029780",15
"Bra029802",10
"Bra029813,Bra029814",8
"Bra029853",4
"Bra029857",11
"Bra029859",15
"Bra029871",8
"Bra029922",15
"Bra029923",17
"Bra029966",15
"Bra029969,Bra029970",10
"Bra029986",18
"Bra030031",16
"Bra030045,snoR74",15
"Bra030064",8
"Bra030082",8
"Bra030092",14
"Bra030181",12
"Bra030220",17
"Bra030228",12
"Bra030244,Bra030245",20
"Bra030256",21
"Bra030292",15
"Bra030306",9
"Bra030316",10
"Bra030317",8
"Bra030319",11
"Bra030331",18
"Bra030388",1
"Bra030405,Bra030406",14
"Bra030446",18
"Bra030486",10
"Bra030540",4
"Bra030561",15
"Bra030576",9
"Bra030585",14
"Bra030587",17
"Bra030607,Bra030608",17
"Bra030622",13
"Bra030664,Bra030665,Bra030666,tRNA-Gly",7
"Bra030673,Bra030674",14
"Bra030727,Bra030760,Bra030763",7
"Bra030732",7
"Bra030762",3
"Bra030786",15
"Bra030790",14
"Bra030791",15
"Bra030799",1
"Bra030805,Bra030806",7
"Bra030808",22
"Bra030843",21
"Bra030856",17
"Bra030858",9
"Bra030879",15
"Bra030885",14
"Bra030908",20
"Bra030922",15
"Bra030984",12
"Bra031011",17
"Bra031041,Bra031042,Bra031044",22
"Bra031044,Bra031045",7
"Bra031084,Bra031085",4
"Bra031093",14
"Bra031146",9
"Bra031158",13
"Bra031165",6
"Bra031182",8
"Bra031183,Bra031184",9
"Bra031191,Bra031192",13
"Bra031222",8
"Bra031261",17
"Bra031272",17
"Bra031290",23
"Bra031296",16
"Bra031313,Bra031314",10
"Bra031330",18
"Bra031347,Bra031348,Bra031349",14
"Bra031351",11
"Bra031389",14
"Bra031413",18
"Bra031490",14
"Bra031522",1
"Bra031623",12
"Bra031640",1
"Bra031648,Bra031649",22
"Bra031705",15
"Bra031785",9
"Bra031789,Bra031790",14
"Bra031802",17
"Bra031869",9
"Bra031898",8
"Bra031935,Bra031936",8
"Bra031939,Bra031940",8
"Bra031961",8
"Bra032003,Bra032004",1
"Bra032011",1
"Bra032018,Bra032019",5
"Bra032053,Bra032054",10
"Bra032061",10
"Bra032062",10
"Bra032082",14
"Bra032101",14
"Bra032109",8
"Bra032122",4
"Bra032124",15
"Bra032134",14
"Bra032135,Bra032136",12
"Bra032137",15
"Bra032147",11
"Bra032166",13
"Bra032191",12
"Bra032192",24
"Bra032196",8
"Bra032210",8
"Bra032255",7
"Bra032284",4
"Bra032315,Bra032316",18
"Bra032332",14
"Bra032344",12
"Bra032366",10
"Bra032392",18
"Bra032416",8
"Bra032484",24
"Bra032540",15
"Bra032548",17
"Bra032551",15
"Bra032617",10
"Bra032622,Bra032623",8
"Bra032664,Bra032665,Bra032666",5
"Bra032681",1
"Bra032697",15
"Bra032707,Bra032708",20
"Bra032727",7
"Bra032734",20
"Bra032743,Bra032744",8
"Bra032807,Bra032808",4
"Bra032952",14
"Bra032954",10
"Bra032981",5
"Bra032987,Bra032988",1
"Bra033012",14
"Bra033025,Bra033026",12
"Bra033053,Bra033054",7
"Bra033056",17
"Bra033069,Bra033070",12
"Bra033103",8
"Bra033172",15
"Bra033195",7
"Bra033199",11
"Bra033214,Bra033215,Bra033216",9
"Bra033218",7
"Bra033224",11
"Bra033248",8
"Bra033249",17
"Bra033254",18
"Bra033255",25
"Bra033275,Bra033276",8
"Bra033282",7
"Bra033311",15
"Bra033323",18
"Bra033346",15
"Bra033368",8
"Bra033373",3
"Bra033389",15
"Bra033402",9
"Bra033412",24
"Bra033413",10
"Bra033415",14
"Bra033422",8
"Bra033438",4
"Bra033442",17
"Bra033451",9
"Bra033467",8
"Bra033472",18
"Bra033473",15
"Bra033483",23
"Bra033489",17
"Bra033491",15
"Bra033493",8
"Bra033511,tRNA-Lys",10
"Bra033533,Bra033534",14
"Bra033540",9
"Bra033545",14
"Bra033578",10
"Bra033597",18
"Bra033612,Bra033613",23
"Bra033644",8
"Bra033657",19
"Bra033701,Bra033702",12
"Bra033706",15
"Bra033713,Bra033714",10
"Bra033735",14
"Bra033746",18
"Bra033747",9
"Bra033757",14
"Bra033774,Bra033775",3
"Bra033802",12
"Bra033820",10
"Bra033832",17
"Bra033837",17
"Bra033840",21
"Bra033859,Bra033860",7
"Bra033871",15
"Bra033879",14
"Bra033911",12
"Bra033958",21
"Bra033968",10
"Bra033973",21
"Bra033981",17
"Bra033999",14
"Bra034037,Bra034039,Bra034040",8
"Bra034063",19
"Bra034144",10
"Bra034179",20
"Bra034236,Bra034237",12
"Bra034254",1
"Bra034263,Bra034264",12
"Bra034271",8
"Bra034297",8
"Bra034298",10
"Bra034309",1
"Bra034356",15
"Bra034364",15
"Bra034368,Bra034369",15
"Bra034383",9
"Bra034404",7
"Bra034432",3
"Bra034441",10
"Bra034459",8
"Bra034466",11
"Bra034556",22
"Bra034566,Bra034569",7
"Bra034573",8
"Bra034580",9
"Bra034589",7
"Bra034608,Bra034609,Bra034610",3
"Bra034620",12
"Bra034643",14
"Bra034674",8
"Bra034710",18
"Bra034715,Bra034716",15
"Bra034729,Bra034731",9
"Bra034736,Bra034737",10
"Bra034758",14
"Bra034800",15
"Bra034815",14
"Bra034828",12
"Bra034834",14
"Bra034846,Bra034847,Bra034848,tRNA-Val",3
"Bra034862,Bra034863",8
"Bra034864,Bra034865",8
"Bra034873",11
"Bra034897",11
"Bra034917",8
"Bra034989",25
"Bra035008",14
"Bra035009",1
"Bra035022",12
"Bra035042,Bra035043",8
"Bra035049",11
"Bra035067",19
"Bra035095",14
"Bra035101",4
"Bra035119",15
"Bra035153",10
"Bra035168",15
"Bra035186",8
"Bra035188,Bra035189,Bra035190",13
"Bra035211",1
"Bra035213",12
"Bra035219",14
"Bra035244",8
"Bra035251",15
"Bra035260,Bra035261",15
"Bra035281",17
"Bra035296",14
"Bra035298",15
"Bra035360",10
"Bra035365",12
"Bra035413",15
"Bra035446",18
"Bra035450,Bra035451",3
"Bra035486",7
"Bra035487,Bra035488",10
"Bra035490",4
"Bra035544",20
"Bra035563",9
"Bra035565",15
"Bra035574",3
"Bra035608",1
"Bra035633",3
"Bra035649",14
"Bra035658",10
"Bra035721",12
"Bra035734",14
"Bra035785,Bra035786",15
"Bra035803,Bra035804",15
"Bra035819,Bra035820",15
"Bra035836",9
"Bra035839,Bra035875,Bra035883",7
"Bra035841",8
"Bra035847",15
"Bra035848",12
"Bra035864",12
"Bra035880",10
"Bra035881",14
"Bra035913",3
"Bra035916",12
"Bra035939",15
"Bra035973",17
"Bra035980",15
"Bra035994",12
"Bra036001",18
"Bra036074",17
"Bra036117",15
"Bra036120",4
"Bra036146",23
"Bra036155",12
"Bra036169",15
"Bra036184",10
"Bra036193",16
"Bra036216",10
"Bra036233",18
"Bra036234",14
"Bra036243",17
"Bra036247",5
"Bra036251",24
"Bra036252",12
"Bra036258",9
"Bra036266",10
"Bra036316",3
"Bra036321",20
"Bra036325,Bra036326,Bra036327",22
"Bra036365",17
"Bra036409",9
"Bra036448",15
"Bra036490",20
"Bra036495",4
"Bra036518",24
"Bra036527",10
"Bra036528",10
"Bra036548",10
"Bra036580",14
"Bra036585",14
"Bra036593",3
"Bra036599",10
"Bra036606",12
"Bra036611",15
"Bra036615",17
"Bra036618",14
"Bra036625",15
"Bra036669",14
"Bra036699",11
"Bra036709,Bra036710",15
"Bra036730",21
"Bra036740",18
"Bra036763",9
"Bra036764",14
"Bra036797",8
"Bra036804",12
"Bra036823",15
"Bra036827",11
"Bra036840,Bra036841",8
"Bra036882",3
"Bra036883",12
"Bra036904",10
"Bra036908",24
"Bra036931",17
"Bra036935",8
"Bra036992",15
"Bra037042",11
"Bra037055",18
"Bra037068",15
"Bra037080",14
"Bra037091",9
"Bra037112,Bra037113,Bra037115",3
"Bra037149",1
"Bra037160",8
"Bra037164",14
"Bra037167,Bra037168",9
"Bra037177",20
"Bra037181,Bra037182",7
"Bra037191",8
"Bra037196",10
"Bra037200",5
"Bra037210",21
"Bra037215",4
"Bra037273,Bra037274",18
"Bra037306",15
"Bra037309",4
"Bra037337",14
"Bra037358",25
"Bra037364",4
"Bra037380",17
"Bra037386",18
"Bra037389",8
"Bra037405",18
"Bra037409",17
"Bra037411",21
"Bra037412",16
"Bra037439",7
"Bra037460",10
"Bra037475",13
"Bra037476",9
"Bra037501,Bra037502",17
"Bra037623",17
"Bra037651",12
"Bra037655",10
"Bra037669",9
"Bra037680,Bra037682",4
"Bra037696",15
"Bra037731",24
"Bra037761",8
"Bra037777,tRNA-Val",14
"Bra037787",15
"Bra037799",15
"Bra037832",12
"Bra037844,tRNA-Met",14
"Bra037862",10
"Bra037888",10
"Bra037962",5
"Bra037976",20
"Bra037984",14
"Bra038011",12
"Bra038024",12
"Bra038032",8
"Bra038040",8
"Bra038081,Bra038082,Bra038083",11
"Bra038091,Bra038092",12
"Bra038098,Bra038099",10
"Bra038157",14
"Bra038165",12
"Bra038166",12
"Bra038168,Bra038169",12
"Bra038209",10
"Bra038233",11
"Bra038281",22
"Bra038298",18
"Bra038318",20
"Bra038389",9
"Bra038424",12
"Bra038470",10
"Bra038489",18
"Bra038523",1
"Bra038600",15
"Bra038610,Bra038611,tRNA-Thr",22
"Bra038613",10
"Bra038621,Bra038622",9
"Bra038636",10
"Bra038646",9
"Bra038649,Bra038650",10
"Bra038666",7
"Bra038688",14
"Bra038714",14
"Bra038729",9
"Bra038805",17
"Bra038815",7
"Bra038825",11
"Bra038835",3
"Bra038863",10
"Bra038899",3
"Bra038942",17
"Bra038946",10
"Bra038957",5
"Bra038964,Bra038966,Bra038967,Bra038968",20
"Bra039013",15
"Bra039014",15
"Bra039018,Bra039019",12
"Bra039041",15
"Bra039048",10
"Bra039057",5
"Bra039066",15
"Bra039082",7
"Bra039091",4
"Bra039094",15
"Bra039109",5
"Bra039113",7
"Bra039114",9
"Bra039117",7
"Bra039120",9
"Bra039144",20
"Bra039149",14
"Bra039151",14
"Bra039163",1
"Bra039174,Bra039175",6
"Bra039175",13
"Bra039212",14
"Bra039216",8
"Bra039223",9
"Bra039238",3
"Bra039270",8
"Bra039300",18
"Bra039311,Bra039312,Bra039314,Bra039315",15
"Bra039321",14
"Bra039323",18
"Bra039362",23
"Bra039407,Bra039408",18
"Bra039441",15
"Bra039557",8
"Bra039578",6
"Bra039579",18
"Bra039612",15
"Bra039648",15
"Bra039661",8
"Bra039678",14
"Bra039680",7
"Bra039683",12
"Bra039708",15
"Bra039713,Bra039714",15
"Bra039735",3
"Bra039740",15
"Bra039748",6
"Bra039816",5
"Bra039818",20
"Bra039831",10
"Bra039835",4
"Bra039837",10
"Bra039865",14
"Bra039880",7
"Bra039911",14
"Bra039925",8
"Bra039936",9
"Bra039947",1
"Bra039962",14
"Bra039969",7
"Bra039975",15
"Bra039999",15
"Bra040011",10
"Bra040050",20
"Bra040100",24
"Bra040117",15
"Bra040120",15
"Bra040147",14
"Bra040162",18
"Bra040197",15
"Bra040211",8
"Bra040234",18
"Bra040285",17
"Bra040306",14
"Bra040403",6
"Bra040409",14
"Bra040413",17
"Bra040415",14
"Bra040417",9
"Bra040419",1
"Bra040427",9
"Bra040448",4
"Bra040512,Bra040514",17
"Bra040518",12
"Bra040520",7
"Bra040540",12
"Bra040573",9
"Bra040582",10
"Bra040630",4
"Bra040738",7
"Bra040749",12
"Bra040757",14
"Bra040771",16
"Bra040773",9
"Bra040801",22
"Bra040826",1
"Bra040850",9
"Bra040895",14
"Bra040899",3
"Bra040924",21
"Bra040932",4
"Bra040933",10
"Bra040955",15
"Bra040958",18
"Bra040987",8
"Bra040992",14
"Bra041021",12
"Bra041108",10
"Bra041123",6
