"","D1_rep1","D1_rep2","D2_rep1","D2_rep2","D3_rep1","D3_rep2","D4_rep1","D4_rep2","D5_rep1","D5_rep2","D6_rep1","D6_rep2","D7_rep1","D7_rep2","D8_rep1","D8_rep2","D9_rep1","D9_rep2","D10_rep1","D10_rep2","D11_rep1","D11_rep2","D12_rep1","D12_rep2","W1_rep1","W1_rep2","W2_rep1","W2_rep2","W3_rep1","W3_rep2","W4_rep1","W4_rep2","W5_rep1","W5_rep2","W6_rep1","W6_rep2","W7_rep1","W7_rep2","W8_rep1","W8_rep2","W9_rep1","W9_rep2","W10_rep1","W10_rep2","W11_rep1","W11_rep2","W12_rep1","W12_rep2"
"Bra002322",6.8874156022544,6.94940653211357,5.74549013125844,6.00427440833756,6.63536697042205,6.96933471290934,6.98637680168483,7.05561866358341,6.03346264757397,6.22334531579905,5.71798891603211,5.93853986452739,7.04619636199244,6.95965425281808,6.66736705214847,7.01439993012814,7.30900333608691,7.64460619621121,7.87873760090321,7.87917274294457,6.99199794190481,7.04117726029757,6.70118861538851,6.7118527827843,6.45551463517891,6.48665324058971,6.10858927205591,5.62939159408092,6.85473127397676,6.508740801233,6.90388184573618,6.82228401601747,5.87665200105574,6.14343015502766,5.99905743196053,6.15275738065008,6.84503835396662,6.78332568481352,5.95214715961952,6.22681291251577,7.10128238066271,6.89684096644956,7.28337547402586,7.0189345559805,6.69058471109034,6.4158820176232,6.34114250596009,5.74343148880524
"Bra007657",9.59835403844918,9.53155691275751,9.85946490172253,9.48118590361638,9.64349186327874,9.37784170697111,9.97597690221903,9.7323370447384,9.85246864808089,9.55683938792324,9.84098558121809,9.69480534060796,9.09493275371565,9.19524915780218,8.85825147509103,8.88453992387439,9.11581097543965,8.91721989472428,9.05754774828548,9.16640916107345,9.62649206861619,9.62763237103803,9.79541468431076,9.61683367901126,9.79293829713613,9.89161208823298,10.0901521263208,10.0692886384628,9.91189976308334,9.69679543547801,10.0963066624502,10.0454730047521,10.1577132474897,9.96093590508773,10.0520381502365,9.74227743198614,9.7461498224497,9.60435121909926,9.49552528743248,9.30637389769865,9.51414790960836,9.64127145162012,9.72235330951804,9.66225891598703,9.79580427942282,9.91534162830179,10.0918716992251,9.96127314518585
"Bra008876",8.1882228715012,8.25196046823647,8.24802242446897,8.04316949486411,7.9830505970868,8.01504701366787,8.00552911484798,7.99076203449486,7.8253340787222,7.78574669889791,7.42591242568508,7.42992555810679,7.78969013221632,7.99045572860979,7.90725723400642,7.95149454625829,7.76638976712071,7.72689250847678,7.64813464368244,7.79637062798126,7.66845246539657,7.66411301703097,7.46660265078649,7.58901438522824,8.48474637805088,8.39406820399767,8.34269251599086,8.52159258830078,8.21622687958557,8.10609701538939,8.1134661005144,8.30785653408878,8.09045650772022,7.96114289011427,7.81789821307615,7.70344682070445,8.16098067558037,8.10343993914049,8.39471133978675,8.18193241839617,8.07344001934389,8.15612353693193,7.99899088774064,8.2251399408598,7.91266782662604,7.99322146736894,7.80556332248059,7.94342909516001
"Bra011565",5.68056347329547,5.32744665543176,5.28101568277577,4.93302491445627,5.45247683049119,4.98746640159375,5.91889185242964,5.76371431743561,5.86391120146223,5.72876948931099,5.62793946004701,5.19900874880895,5.22728669703741,5.26910423185584,4.7973035633979,4.59579603680166,5.28230635324986,5.02831276816574,5.54153652184946,5.54172855164063,5.82700092685437,5.69028857708194,5.68842656946867,5.55449369205794,5.67685693748589,5.72693472995702,5.338064230925,5.23194306774204,5.58707390204867,5.00350779282879,5.92767605148216,5.83430417440096,6.16725956611383,5.89795675397123,5.8591620290709,5.75188678397394,5.70946158716286,5.45443913468656,4.90971551037565,4.75941153256458,5.45838200415601,5.34960235722969,5.72036329495909,5.81072071623617,5.99161707781145,5.9166390579159,5.89427210318217,6.02724474801596
"Bra012054",6.90827251629142,6.76222920627035,6.69513083232666,6.77232117285472,6.21521069309572,6.56907330369125,6.51868619861699,6.47013172130825,6.68997002548213,6.53193347818504,6.66923941125265,6.68382275476395,6.56128183446475,6.69645293117802,6.46414055444799,6.44405576625524,6.33860090770598,6.12748471080208,6.10120042433828,6.09582317468877,6.48792361930375,6.45663368562185,6.71284336132586,6.70769043069859,6.76242854971787,6.81590839887873,6.58835485377923,6.75128964031577,6.57806166222744,6.5068653087511,6.55546341226139,6.66566279626865,6.55506762419719,6.75151728027833,6.70411114053241,6.83794324189103,6.76248170331897,6.89298595421527,6.60950824826248,6.80051167862158,6.48214967146927,6.605618780489,6.29427151929173,6.3909307388328,6.538715075367,6.53777440086912,6.75987487109545,6.56437664416121
"Bra017342",7.85511763948769,7.71137788942511,7.86784087963692,7.54389021978923,7.82497146545623,7.77145645550637,7.97530918485593,7.71866301242293,7.91602871841884,7.6469834461661,7.75577555489953,7.57233642822866,7.3117119917772,7.38607803400871,7.17867480917774,6.96387866922505,7.36971075095539,6.97984243756774,7.13817962860065,7.0363714543074,7.66197044428796,7.64487293141922,7.68436291527162,7.52540335288586,8.20428746784494,8.17672169288105,8.15425104378082,8.32910116615699,8.11486671728773,8.15193997415627,8.16540449524997,8.28608179010086,8.1476831995672,8.18872235372371,8.12199448447358,7.94802842130835,8.0319410002806,7.98991669925069,7.84791550219443,7.68908945124838,7.66669979174933,7.81257523546895,7.66759413423031,7.61673261488183,7.81494769948146,7.82638323522316,7.96393067395669,8.17413173220193
"Bra017499",7.43792680778819,7.29906145144627,7.50474749649957,7.11505405730211,7.47476049957678,7.32699566752143,7.47694057501922,7.2244937471074,7.2997849810188,7.12959213276393,7.34062457558623,7.14529023931297,6.99984219659987,6.96131077223942,6.87641871717565,6.36201919533428,6.75822321472672,6.72857360255936,6.38776748368296,6.42368909154606,7.15591110589448,7.13566824886182,7.24184018356467,7.01875655947608,7.7860539425058,7.69936423212253,7.6844681178123,7.80042107861809,7.71019341632539,7.48821773739561,7.58177302616342,7.79181407116183,7.61429758663537,7.47863211711005,7.57789706142886,7.33809454689366,7.46255952937906,7.46800488496294,7.33957390519377,7.265127424577,7.1170924088134,7.18853939515837,7.00283751359991,7.11759115823832,7.27056631741578,7.30024272369368,7.42614732125665,7.71509027739172
"Bra029292,Bra029293",6.69549279034366,6.86927920734301,5.64422547243903,5.78333616281481,5.75274859140713,5.20341261077665,5.97262373380516,6.16286862323288,6.53138769918408,6.76117887599877,6.64870989814978,6.69087799146557,6.67683155602301,6.78468718728524,5.62850240835972,5.9131766493697,5.67156229566727,5.88663793542661,6.40766036184294,6.45268932278922,6.43772544410883,6.56753632125455,6.80214150651544,6.89616284321722,5.76183841319502,6.73469607372993,5.53610575663335,5.56503046558161,5.41804823567326,5.30929626151795,5.78953886148537,5.72560211456761,6.37446049900078,5.87624434353609,6.60179901073735,6.40347906577278,6.6056484090584,6.66073755730505,5.23185861025935,5.30387570725712,5.46817925368667,5.47232529665646,5.78751866004507,5.98989286382966,6.16027684859824,6.03640222725307,6.52592478544246,6.60967814559789
"Bra030732",4.13055203029693,4.3151169483734,4.39310038758688,4.48002594579373,4.54979852699309,4.73250800058618,4.82831677013098,4.67384470806572,4.52945241891207,4.59710205612441,4.75996539113267,4.5749976145589,4.01066348768734,4.28497304573912,3.84561047959084,3.88197778913563,4.26012353904757,4.35904319149657,4.38988339902723,4.54778294810711,4.48155082279333,4.51497436659958,4.59768610217562,4.56691254785694,4.95375412640721,4.59580200304798,4.40113209920472,4.48038146373759,4.60022811840425,4.57597785020815,4.92966319426887,4.80000424530429,4.78747948089794,4.56215692864839,4.79621356561772,4.78959885005233,4.42135123383618,4.36996195418631,4.27648922137429,4.34913877707708,4.60966041811521,4.56741158814907,4.556361969566,4.74109480397622,4.58867266566151,4.52656966049778,4.6464103830397,4.75481803739659
"Bra033859,Bra033860",7.95957891126889,7.68539356952643,7.69245509647097,7.61490856903041,7.5248785983708,7.367143879211,7.91988230228365,7.70055069041459,7.92280439507536,7.70953878439941,7.89363523874967,7.80464732969411,7.49379141697198,7.73268978854823,7.12768486257948,7.12289010052196,7.15981080284938,7.14405656963043,7.35159299620928,7.34854227357066,7.59050471477471,7.57047811081824,7.77730792533386,7.66532881029555,7.97729709833865,7.96763551685769,7.99605537848809,7.77505712791373,7.74534491164144,7.34081147912207,7.97487916031931,7.81614527306641,8.04315855603336,7.82260906863336,8.11309619406969,7.77495832829804,7.99896832968138,7.84696962255325,7.64954360991173,7.52046153707211,7.6447071288465,7.61704864643107,7.86173209626145,7.7150078835802,7.90781602804859,7.90323113089,8.14121307548434,7.98127614492447
"Bra036243",4.67870294616286,4.7334953490273,5.35568232761034,5.45966767669431,6.03678683370109,5.84896338880414,5.75813791660923,5.852098743282,5.95643075645156,6.00029301767158,5.82664254539921,6.06696961171731,4.91933531477042,5.1927622921527,4.8123185190298,5.10661632898778,5.22166831588678,5.32342411506594,5.02262969389664,5.32302773067315,5.6627780197341,5.85469637135121,5.32382759458289,5.26176397443213,5.21291946506072,5.23401456646952,5.20119863479515,5.53116309014654,5.84800942989505,6.3469887913735,5.84223215701844,6.15557519871092,6.02756988133316,6.24103168182615,5.776888306083,5.9531045684192,5.02146640196368,5.17245951261723,5.49570795241703,5.53586944243949,5.86229516116244,5.90694589785847,5.80618741253958,5.75277534737269,5.77153172631085,6.06284054837254,5.74420685196363,5.65669371224598
"Bra036763",9.37570630637723,9.13485752404219,9.54612854815212,9.10124297916477,9.36481315319273,9.16225787958828,9.49469160983224,9.11651031647954,9.44703775372957,9.19454018770352,9.32499956681735,9.04941839888444,8.95443480074074,8.90630738849845,8.82664699394165,8.41211251514965,8.94107989416941,8.62782932400103,8.72720913946395,8.42670085240069,9.1742915560641,9.10087255247503,9.04736934029876,8.91730643312107,9.66052008932706,9.52215581947254,9.5958150541258,9.53505370563667,9.57205972855429,9.29247118673703,9.5438747576485,9.53037707321118,9.64885187880009,9.69623208579915,9.57214122780746,9.41298259118131,9.51152338538017,9.38993242942846,9.30222079005269,9.27609182792163,9.17791281050547,9.2656361417898,9.21698588328461,8.99450618471785,9.30896466912537,9.44379103746717,9.5445105014983,9.59836148304176
"Bra038081,Bra038082,Bra038083",5.91481563389908,5.79281371554115,6.13670203160901,6.06940357896445,5.83459998607932,5.88169887558015,5.70255781448036,5.48777251893777,5.53016440446173,5.28312540410626,5.69149508209383,5.51496805654996,6.00038541859402,5.88237649294281,5.9216981478189,5.86638875182271,5.6848636107291,5.55670836265959,5.41122623419477,5.30739209303929,5.47359211515514,5.36168415297103,5.49323421628248,5.39171617457631,6.17157113878929,5.99373549160127,6.16448059003098,6.12537007273716,5.95046374824658,5.76411256667788,5.86630961521168,5.89470379802199,5.75906259901804,5.78652317985149,5.63061223829405,5.53261619088269,6.0940776856719,6.07159965339585,6.17031167204071,6.09518812019661,5.88404105241115,5.79835903804822,5.63689138571539,5.5745193567155,5.62775856992004,5.64817204219374,5.790834581089,5.78827069341572
"Bra038621,Bra038622",5.70060894744129,5.56505484479898,6.03274885217043,5.95391705206277,5.971051459296,5.86316041401337,6.40973035386445,6.2467272995146,6.34542831191147,6.09458445383468,5.81683774693631,5.62833033866277,4.85991986778434,5.44695424598788,5.12345100101627,5.0952239945108,5.53442584191669,5.60373315238766,5.64072503152277,5.63819550512595,5.86414156283115,6.2616342372757,6.08450015483403,6.08152711108039,6.28531898405502,6.7706176466562,6.68766261910607,6.9222335346727,6.60724005000544,6.46039036431556,6.64205169292798,7.35377318093474,6.7337746134743,7.01082458666475,6.3301532125711,6.41680090479606,5.91111151145188,6.28920001192083,5.95676759944293,6.09313758175383,5.97534128821265,6.61382039876338,6.06076725417375,6.43797007234865,6.07068127234677,6.61489973739319,6.40114746241475,7.23871044363112
"Bra039114",8.48545500453259,8.32018227968675,8.33276610565492,8.36364418668525,8.47162644641148,8.32532344649788,8.47275175400353,8.44210582627668,8.52361684015045,8.62165630569207,8.26883670805723,8.24286446123701,7.86479281585257,7.96784874615874,7.82530863515051,7.69015865005465,7.92210268067702,7.93999638962587,7.69729426834885,7.89280385936085,8.26516493980641,8.30049442027263,8.19758530743924,8.18568817912957,8.53873602400459,8.53174793648983,8.45921847748976,8.6016519514895,8.45975536897983,8.31434759050335,8.50850392299186,8.57108137823726,8.54772357836917,8.53075745746122,8.56857559795615,8.35753441066884,8.18105781378892,8.16973964329748,8.20239813025475,8.2493078537377,8.24865342401515,8.12700898098179,8.08736736562524,8.22926104915023,8.45817281002146,8.42061292864195,8.62127533807801,8.49631453799303
"Bra004244",6.99076203449486,6.71715545099401,6.88177472583234,6.59784101349143,6.57705866507039,6.28595144818502,6.56156442726312,6.34646054527126,6.57676095492641,6.28680538952774,6.81851826930831,6.56392534980529,6.70636477950913,6.55939085772977,6.44915029652761,6.04390002100157,6.30872673077719,5.99906419899739,6.18333564688072,5.85599966063762,6.37882197738428,6.34851040590974,6.71141230724125,6.35759598855251,7.26216063452344,6.85186145483176,6.83940537331974,6.80776706176642,6.68229237143083,6.46964018937395,6.57656143963901,6.71291212625268,6.77382494216579,6.75068689050694,6.90929308582382,6.83373766481582,7.04873751877881,6.91648858722803,6.79392188619053,6.75262818342112,6.55488963758404,6.57234097627313,6.39170071060328,6.30692385798668,6.54807898929336,6.58407256435402,6.91143992706909,6.681758461436
"Bra004528",7.73137334322779,7.83893916473896,7.85975218367899,7.81047523764271,7.62547507100491,8.02807181405652,7.65908255040134,7.79207446192887,7.83344041121653,7.59669666068723,7.33534568852135,7.54986166095892,7.66893460928639,7.90292977459483,7.8854218386499,7.96291335226753,8.07633461853633,7.98198390517489,7.87534389637656,7.72280070182775,7.9914935020833,7.63819695349207,7.96897775980763,7.92714979382909,7.77339639570967,7.0691221196246,7.50198045233044,7.43502845744535,7.38728498562068,7.25310054041681,7.47449282837676,7.5313346696481,7.20842946873545,7.74215446226884,7.42255259221487,6.99496433128413,7.38265860761463,7.1953574420048,7.62146583446014,7.54303182025524,7.52375012139966,7.31457871283389,7.61408404984656,7.39810235161161,7.53267540643702,7.38337597720591,7.76449345558826,7.08555212720929
"Bra005134",9.93549068762452,10.0273807820945,9.78796131048188,9.68642173707444,9.83349259314202,10.1089556327048,9.92419492170947,9.93749152635746,10.0716232489432,10.1607664379593,9.82709336720061,9.87522408103084,9.45471055218622,9.65566845683882,9.25842941303371,9.11082779287443,9.25096867712183,9.3014184565468,9.00432722461064,9.08059637734727,9.83046608637537,9.90036570134676,9.74999676768052,9.65616025553599,10.7455230725634,10.3371312576603,10.1487434878473,10.4989389359829,10.0859105789028,10.2651696291415,9.98457511017214,10.2520977030374,10.1875623993409,10.5604665878172,10.1679951084633,10.1500010927543,10.0621001196868,10.2643839528947,10.1219867165847,10.0910253963932,9.69318549334518,9.87515034356421,9.48430733819016,9.60672721516596,10.0169893094907,10.3116007462029,10.0955684480329,10.2631048482078
"Bra005865",6.34961474091607,6.08753073118428,6.40715897371282,6.16321290221813,6.32270874233458,6.08684744301365,6.32671350379505,6.02573977576456,6.12125997507826,6.01701325836661,5.8911907096349,5.7136160905442,5.74435756864295,5.97428150006869,6.13467273818569,5.701149793234,5.99448242500195,6.0908978789974,5.8225950482672,5.68623437442297,6.08045087929051,5.88435370684799,6.12067541552084,5.76006655386533,6.73330010293864,6.26473908464285,6.48991698341874,6.6018034668442,6.35298622298277,6.09102275091852,6.4051499745864,6.35937357618741,6.40550570828815,6.10393399105623,6.27680742947418,6.03671431575763,6.40685805717328,6.1263906073679,6.40463749579285,6.20289958430501,6.31251089160945,6.08763468145464,6.14162897365166,5.99685194351564,6.30575169321024,6.23627638926078,6.27359607864047,6.16811047330606
"Bra006351,Bra006352",5.6085727159038,5.67776755452685,6.17980760031134,6.07617425672425,6.00452611109708,6.41963664090359,5.66978364157448,5.67747441548971,5.42936154542841,5.34115674197001,5.15699923175409,4.84443084950767,4.94477881433816,5.4777517915007,5.64638446023088,5.71058054299746,5.42173496961385,5.46450817647062,4.67357338347166,5.18024733747292,5.2025117562101,5.30317432358583,5.16357923757242,5.07797356289586,5.72101987248675,5.9916646913221,6.21716090670716,6.56760476776632,6.20875329374686,6.48285957424218,5.97213660386687,6.20631697111976,5.67549134472054,5.93226436683005,5.5752155022676,5.40930946399969,5.46197704009486,5.72518763556807,5.97740815735991,6.10082210403565,5.83334046965391,6.24240434086153,5.53233878039783,5.8884753819149,5.32359344610429,5.90002146703778,5.22855705807308,6.04188032967126
"Bra008975",4.69982921800889,4.76092881130517,4.76512097301327,4.7846191426689,4.7170402633525,4.98303463104408,4.96067387445808,5.31608418019753,5.0371757313832,4.88535960352347,4.66388538631186,4.70132725741294,3.93853045522736,4.34217069627584,4.27059621674671,4.37981500867635,4.61006218757607,4.70218654071357,4.62553351757115,4.8383618653748,4.86318519871269,5.16042409582461,4.65124690834419,4.89311947583592,5.18828618178844,5.14969428745132,4.9366520714562,5.14350362489039,5.06343391218385,5.48361910598805,5.35863186227682,5.85003677705319,5.3213039943107,5.44158307309641,5.09238928606,5.35649246635629,4.77605659950157,4.89378932506904,4.52464043783595,4.82009724993958,4.92301603174042,5.28254729883358,4.85842368533424,5.28455114772838,4.8239123674878,5.33013886756653,5.01277424736859,5.49482519059568
"Bra010018",6.49197011018194,6.47114518060711,6.9170259104937,6.52147324141089,6.796454993266,6.71561885907482,6.88386515450979,6.80628538563225,6.93785047086027,6.73111534205267,6.64236078295781,6.55948263572648,5.87696626074776,6.18340711243725,6.05364790184116,5.77958804586499,6.22353839338675,6.02199044343651,6.21695533685459,6.1377760526105,6.65462170890315,6.77760382164032,6.78775893554171,6.66112250219943,7.07874858154245,7.06087963396665,7.09554471344525,7.18324829528156,7.09214399736825,6.99512266910363,7.07902603521036,7.14844607552888,7.17224747307467,6.95819308430915,7.09937937312173,6.78285409597527,6.86340576378055,6.62830554726927,6.56703884570931,6.398044189323,6.62943239601089,6.64826409593765,6.51272466318197,6.5881794276133,6.76117887599877,6.73755157000828,6.92813340782985,7.17039580424549
"Bra012005",6.67688795866746,6.48951242961551,6.70422183076951,6.64721375916888,6.26785224241367,6.54774439660737,6.81982143616104,6.77303368002311,6.80162430028602,6.8586648694568,6.71491861830727,6.69629990805564,6.03911206711491,6.29145990017729,6.1483443820384,6.23543987061826,6.08532692089126,6.38855980892218,6.4036631138636,6.67410750511472,6.8611613657534,7.07358461955413,7.03390748950432,7.10229069279506,7.00583785020141,6.93142304599241,6.88360859828813,6.9387562614923,6.7525880451925,6.5834318311376,6.85142424233719,7.00701605056239,7.02070220379105,7.00943675560809,6.97200330380836,6.95545230434319,6.55969217360268,6.6514822821509,6.41781201761461,6.57670049866208,6.62630625077108,6.52358077369569,6.61144094188839,6.62991027556216,6.92477688106622,7.04930403348226,7.10013667128545,7.15178780023113
"Bra015721",8.71272989203041,8.70980411839944,8.40339555472874,8.49801944323619,8.29692538138138,8.19986371005764,8.46424349805722,8.36636593161498,8.08909025895586,8.2675123896649,8.34865734537485,8.23795084001967,8.40631982108905,8.49911239709889,8.27448997670738,8.32539540988712,8.18738671726236,8.2292177809189,8.20661880641323,8.31770202825284,8.52812196941063,8.44838065479728,8.23404619131012,8.26356029254184,8.55062367015343,9.01610347878514,8.59127548715585,8.98822738221204,8.29386244555643,8.5359324115175,8.62680779454828,8.70769388132551,8.47008127375565,8.75197914511264,8.42892122799373,8.74271700512821,8.76135176772897,8.94254382811118,8.42913470665084,8.91811486871336,8.37731899962216,8.77925315310032,8.41311168184545,8.82645950776036,8.31560698486386,8.82364747146746,8.44697987759104,8.66742027771841
"Bra015741,Bra015742",8.30289020270213,8.24480620962814,8.01269157444407,8.09361827321423,8.04099103188982,8.47962669167761,7.96857464206598,8.01908472345118,8.08942929406666,8.05984194933654,8.00427665587793,8.05666480772343,7.90950311349036,8.02639618096859,7.98573380196163,7.80230955862496,7.92757650394576,7.82627517555899,7.6597176697743,7.66164272744204,8.02877908794613,8.14880702953873,7.86965552850849,7.85687989822365,8.68300160407843,8.40964126444047,8.08155800093128,8.68671411427848,8.05068670229877,8.5573526471413,8.08087081175972,8.38587102659499,7.92464625756202,8.70571186298292,8.19178963307619,8.70051601249606,8.1554406115394,8.6741251644902,8.3301281087195,8.7803265051437,8.0406239820055,8.41132878594398,7.76834976197003,8.01655203337804,8.1268799599565,8.64783973684338,8.1953574420048,8.15827137884774
"Bra018573",5.63494750996577,5.18435568080446,4.90508128375151,4.98998366332625,5.00585805603002,4.69994578798807,4.99983768767766,4.6900091496428,5.26394331789911,5.38586585102906,5.24555270625568,5.52254230040081,5.96038196552243,5.58535317772627,5.86025269404726,5.50692241804732,5.63980229721508,4.89570008335669,5.28622321162513,5.03002702246458,5.24303684950616,5.02586155983328,5.22320242174665,4.76566734091671,5.02025771636832,4.08010333004355,5.00549430780955,4.59631500795106,4.55203886137624,4.49768900076968,4.35540395756474,4.01342652697913,5.01139723738282,4.66436336934606,5.19211129475269,4.69342562423252,5.3658289905488,4.92483625147684,5.25755379022474,5.00061301513589,5.32833384557142,4.5379855627221,4.45462337516199,4.13560053485944,4.78165346878801,4.29160355803056,5.0001983569314,3.69447907896247
"Bra019384",7.69380752078048,7.45207646927558,7.94071294446647,7.67443946521107,7.72028530652515,7.64886805292433,8.11367445675083,7.918755925388,8.02656217206812,7.80798596310783,7.79684430758516,7.82666923644808,7.7967534769737,7.4984423630095,8.09084284726205,7.72984503206039,7.95497562057396,7.88146273555377,8.11608919259236,7.80620803900674,8.11736258615466,7.92447999235902,8.02344942875391,7.60575358556578,8.23139400570514,7.93558939594578,8.16894283306927,8.00342796046603,8.16040594286916,8.12040378421294,8.23847161767749,8.25744441785946,8.25690214790868,8.41579246239354,8.06669198184066,8.01138381848256,7.98901976205986,7.97889918387329,8.126317293423,8.09125024400833,8.15848346265415,8.06604612429138,8.17575910979255,7.77473435744986,8.15128551236486,8.30750138673823,8.27889543992066,8.03003806131563
"Bra023492",7.95681173166275,7.87765223840263,7.98921282095351,7.72337425387223,7.88960738960687,8.21301670726329,8.17743947146176,8.09549724309857,8.24799395181697,8.17310244201141,8.05889549242124,7.95551042573667,7.34356771805952,7.55959123214755,7.25994094408401,7.04608719923203,7.36952755435428,7.44591702432384,7.46532967729127,7.49467961095469,8.17301246913736,8.25986093385445,8.18715904105365,7.99262116323762,8.52931732059245,8.28524961804716,8.22267899969878,8.38425275787778,8.22648926291933,8.23517656360249,8.34860866227013,8.44195648755243,8.36583686246378,8.59878948251787,8.39731097235613,8.17254751987899,7.98726969755903,8.08236196955747,7.83975807969664,7.92808602012301,7.89688939162862,7.94821536095546,7.79037456441099,7.72655877910497,8.12764875477561,8.28063159669375,8.45210942501215,8.30540058764487
"Bra024366,Bra024367",6.89912728198134,6.88772021635919,6.86235219953202,6.69591032139768,6.7972594604284,7.25087632774161,6.95628902658394,6.95878468794281,7.13621189761542,7.14826302208457,6.92163864812446,6.86176930997491,6.44534267503828,6.70628188585102,6.29099383456386,6.10259724801246,6.48600636501052,6.37692760425213,6.24144361668657,6.23317098155754,6.91611831474902,6.98628577489052,6.82257720396775,6.7788919070917,7.58407557182016,7.25941373616463,7.08308569047193,7.34902905310401,7.05911728945632,7.30410942605998,7.13734981935777,7.35789504374977,7.1141900090718,7.46487243833463,7.178425834273,7.27039812213248,6.94847236342501,7.15317705960067,6.89307092394909,6.94123545267154,6.70577060301978,6.9178016909668,6.5364197458692,6.65227136530459,6.93867394038525,7.07888731504626,7.13510386837295,7.22245682592747
"Bra024957,Bra024958,Bra024959",9.15805168774718,8.76513357363315,9.08617338688645,8.53635213514862,9.03899304208013,9.10522758436473,9.15405606360431,8.88784204399464,9.29287145483587,9.09463987080435,9.02725912620771,8.82726012604019,8.44883489216753,8.47972772795902,8.52097611823083,7.80758032554855,8.58597653921564,8.05021870295282,8.41482474242854,8.19146395157155,9.2655283180994,8.97179068770987,9.08085482672094,8.74715910705933,9.98277972064729,9.29067551549249,9.33163580626639,9.42849626959047,9.40768627632368,9.32841687947741,9.34120078373618,9.47463275360811,9.46125023497295,9.5825635295754,9.4083042624843,9.40279677531881,9.22118349684933,9.21929922852113,9.08660333307498,9.04623456700727,8.99249087558157,8.98209232163951,8.92135301542802,8.70570840761216,9.30521588094023,9.22326807752825,9.34270362594288,9.24778038901354
"Bra025534",9.93846223596681,9.89048469303921,9.84401523940311,9.80578255842732,9.7132198091546,9.93703977665346,9.80684119252327,9.81440462135312,9.86668083962135,9.96192858387333,9.76375348348509,9.75647459528786,9.5644562921058,9.72328721154248,9.49478359791152,9.41078628075906,9.41976008217833,9.4202402651694,9.38814862921314,9.49584303768189,9.81941272620656,9.92917406399987,9.72444904975963,9.70076047404703,10.4583348355783,10.3284617606801,10.0132668350912,10.3246981134561,9.87883567253793,10.2044733311002,9.89755961074765,10.1831515075036,10.0049648004371,10.343152396471,9.88306479261772,10.1578521691417,9.89907439895505,10.0789513413948,9.88589004138649,9.99067128397527,9.60456805438543,9.81024064446083,9.65629077758217,9.74361257878259,9.93587811584677,10.0617087046606,10.0580999884934,10.0389738435742
"Bra031869",6.90265247119608,6.73600949195778,6.87964450924808,6.64947175718163,6.98715029763716,7.37204664802904,7.19353521662496,7.13420040010644,7.65812577555012,7.43575359109547,7.10416889482345,6.82764121673657,6.29235292536945,6.22656632893294,6.28295496124856,5.77323417414749,6.56836962673123,6.47526488425237,6.56492227783408,6.53671501992417,7.46837152373423,7.28831241588755,7.31922050252387,6.9912497207587,7.6868576550507,7.45341057481643,7.24367860040759,7.59578708738591,7.43569526048961,7.7687665795756,7.57505511590046,7.8777810529245,7.65453578816934,7.83684567004674,7.61580617011087,7.69786415193986,7.03424873562899,7.13674508981854,7.0193349678394,7.10801210452906,7.04353042975714,7.23279504396166,6.88514725170844,6.94400334879367,7.33890570827099,7.62366205202674,7.43446143244134,7.76829682413226
"Bra032016,Bra032017",5.01630019132253,5.12127240994267,5.0931798467655,5.12572961466539,4.93610551574254,5.29652715430047,5.35799178363106,5.16136773489393,5.24342917032241,4.90488385449328,4.96882343660759,4.87204565109033,5.03669233990357,4.87015754849823,5.03878733050557,4.90951391408659,5.26052253214478,5.14039830338493,5.09747174513479,5.06687707436126,5.39983758802549,5.18561286234235,5.08491040903969,5.1727475164193,5.5164407044923,5.08989639630776,5.40187617343029,5.13037492987532,5.61608122453978,5.50761072449311,5.5267918564804,5.17593172375698,5.38703850470232,5.47798810810165,5.16029096884676,5.28706960230046,5.32245818791626,4.98634721860664,5.21038496779191,5.53561442844152,5.53116309014654,5.28678875913321,5.48683341298232,5.21451341008002,5.44779736949383,5.32545837490823,5.3251021365832,5.13079087550187
"Bra033389",4.86398799267225,4.83291532438204,5.18834948929753,5.14986496865228,5.31431949075447,5.61285670509947,5.46304366731116,5.16704876861897,5.7054720406069,5.36507658712317,5.17385499527357,5.21547281541714,5.58832786652669,4.71465765737494,5.59076966745647,5.27011401445548,5.51422959016371,5.42703622248934,5.49654224143364,5.5165258009287,5.88561584857826,5.61036639441912,5.23258785280525,5.21234754829384,5.88769828629222,5.24454080120137,5.34989599888169,5.77949612225855,5.82413392584105,5.92956615075437,5.72554485811044,5.78455632940518,5.6880824221239,5.95637964236685,5.35233127379278,5.72997415205189,5.19678406551154,5.38463353797321,5.5320831414925,5.65423789000175,5.68414266644555,5.61968884536202,5.91035851028811,5.47579178599009,5.96740842181373,5.96988954205389,5.55472697544169,5.60421665363695
"Bra034566,Bra034569",5.53140017643869,5.66975246725576,5.64854885001853,5.58852576132305,5.66927059665954,5.68339609547552,6.02203928506223,5.96914358126486,6.21351059645628,5.86946923095461,6.01481945185481,5.86700438531705,5.01444456589816,5.24564397106179,5.26859907539163,5.067371972595,5.40340066778873,5.42447873390836,5.67086582296675,5.65305141595587,6.16779746203197,6.10740331903071,6.02710538273186,6.00996966155008,5.67939283140996,6.02026216192049,5.86750856403901,6.20520872345676,5.70818171690135,6.08163575521439,5.90584907482671,6.24096873697471,6.23385739031084,6.285442909687,6.04956760487428,6.18328006011138,5.69587135694502,5.87187074805919,5.42854442387515,5.71566003912575,5.5972719306348,5.92504284146237,5.58565963486374,6.01098790476436,5.86555265206384,6.24151988801407,6.13406277687975,6.35531056823914
"Bra034873",7.20048669786985,6.92259034889426,6.86442141478966,6.64623467488115,6.61704276740631,6.75037872110688,6.59824162043135,6.38945151544806,6.43355539773053,6.33564045970802,6.39266774903651,6.29359487617159,6.86515174601855,6.77267747042486,6.6050809161819,6.44562077471519,6.54184004108136,6.33603875175224,6.17820670080876,6.19404961281144,6.50532567878828,6.35403775645678,6.43434132795901,6.26011977443628,7.45226595448108,7.13589393925208,7.12823152746891,6.96872438466209,6.88165238474472,6.65825433444333,6.71875889485681,6.64143331413447,6.76369041898479,6.68943894979436,6.88525709275653,6.60666430079285,7.20719983248513,6.93457547254568,6.87786692288313,6.86025517753673,6.76872688784877,6.53598604967549,6.49756446658149,6.31773639236702,6.65922529821387,6.61527356274334,6.87461256057587,6.83818283043778
"Bra036120",8.37901006457277,8.31251089160945,8.03684396648326,8.0150972062948,8.19551985307124,8.45655976633501,8.2937980863196,8.32660925100527,8.55929677922347,8.56353568994349,8.36504945827575,8.40246638136366,7.76453326395561,8.05107839898259,7.58409812761637,7.47485782224691,7.56438579056015,7.67488431322039,7.49760438255598,7.58247320824765,8.28598010592821,8.43736092100771,8.28957168045447,8.29178771384206,9.11112262591678,8.54426899048081,8.41830803087375,8.54698317904721,8.37248638457212,8.31210695778207,8.33944029056543,8.4678622780516,8.56605403817109,8.79111403800876,8.69977717479844,8.71433825936637,8.42776957287586,8.37791760308012,8.29956979178023,8.19455496146806,7.96944984023385,8.07904204052485,7.89947777189628,7.80460861296455,8.49295072989766,8.64335115812472,8.65734703520602,8.57299195672213
"Bra036258",8.7048166453344,8.66008862139314,8.73007608072499,8.51409069100603,8.39341620047155,8.7472396850409,8.78554074368125,8.72780135925512,8.80740966614326,8.861369212241,8.54462834419759,8.52763729660452,8.20969217038047,8.33150369369394,8.26143678877999,7.92530519184856,8.22457574294406,8.33003396538533,8.48261437459379,8.34643395058872,8.77950925456093,8.76020431012704,8.7725554154254,8.58184833086697,9.3376241318131,9.01547638304614,8.93536839780078,8.94388324321391,8.82497464667061,8.73847737738144,8.85282285617978,9.06443829837757,8.89798760134421,9.14987665144847,8.88549505300869,9.00203580614009,8.77185917463098,8.78889447916044,8.66082310949173,8.67719460945941,8.54124765470893,8.62509876454048,8.57018587175896,8.54436173549328,8.82949759367808,8.97337306423996,9.05104304184311,8.96855160336395
"Bra037610",7.65488659895762,7.81670209431686,7.55590816074012,7.79041366501649,7.56054683402818,8.17998868478701,7.65103015825643,7.95017093261259,7.68562483972635,7.9975859756923,7.35305858457076,7.65071430513016,6.9894342390526,7.62219095592339,7.0478328129856,7.08358569723832,7.12629147776676,7.34595516245173,6.90852472415683,7.32262222486416,7.44428606978552,7.91287736360733,7.3670477511012,7.61613711154286,7.90128325815222,8.21747308414075,7.76086628835866,8.3358146143767,7.85779442767154,8.22880426347334,7.68654954996821,8.30684094450474,7.69757228846676,8.42168195956292,7.64099682188447,8.16164586964774,7.51529771969614,8.04440504882494,7.41981695429685,7.97715969390354,7.36520259830689,7.96074336788096,7.27683161786278,7.76804534287238,7.54315558503031,8.14752548822338,7.70566694251742,8.15946268345827
"Bra040573",5.12377378213666,5.2702000003144,4.25118129501591,4.54719685410626,4.8638690884181,5.17900139909924,5.07257318540418,5.22365036654896,4.71136825228945,4.77417032388832,4.91467453914638,4.9154683164754,5.22986090157184,5.32335565645141,4.45984469489318,5.14588936093776,4.88646235387984,5.3459746717403,5.09741274954367,5.07839208197407,4.71719932958129,4.75855902704967,5.27295257666159,5.33754697801707,5.18461751869607,5.57351389297506,4.67816207073505,5.29746657376321,5.4388650248803,5.40376535265841,5.77593548830179,5.70476685631097,5.68359821297252,5.09421072954639,5.16717725837635,5.5585554095414,5.42456943110048,5.4988890869768,4.67987977622753,5.12035194036522,5.29607190299675,5.38933276782072,6.20971653598984,5.91130329607635,5.76149006619682,5.84225227453545,5.81122696425071,5.67214243285383
"Bra001406",5.75958729918002,5.87022167606084,6.44637865523744,6.17088647767976,6.46278853378522,6.3594315614397,6.25245918326952,6.28701232951334,6.41468523580722,6.36452866054443,6.01372576208004,5.99732402552825,5.85408543867923,5.68164322335552,6.41823380844726,6.23136712317693,6.36331127390677,6.15028548972471,5.87678704290485,6.18702340814798,6.42761790468736,6.53099617050492,5.77946985729517,6.00339085377951,5.89838009169598,6.07990073204119,6.55180975611601,6.87835751033694,6.71439664923032,7.02213474346572,6.45235492155673,6.81186915531275,6.43934221681923,6.85671186039023,5.85447945753419,6.32338988616474,5.49229545498402,5.70299546232858,6.26956620160432,6.53930772678125,6.5202870877579,6.73302888397278,6.4155372839896,6.71533056580137,6.43158117577177,6.92867825461252,5.81386582684348,6.45210118614859
